	test_statistic	p	-log2(p)	FDR_corrected_p
A2ML1_mutation_status	0.0012301006597789344	0.9720216977952651	0.04093957637292832	0.9999976776816369
A2M_mutation_status	3.2064532056125e-08	0.9998571262274577	0.00020613800932807783	0.9999976776816369
ABCA12_mutation_status	0.0006964838164496329	0.9789454886976728	0.030699567412907604	0.9999976776816369
ABCA13_mutation_status	0.0002500797316298184	0.9873828516999588	0.018318505492230533	0.9999976776816369
ABCA1_mutation_status	0.0001822999342524234	0.9892274102172092	0.015625879384574694	0.9999976776816369
ABCA2_mutation_status	0.00012405042302073897	0.9911135110072998	0.012877797930449332	0.9999976776816369
ABCA3_mutation_status	0.00016313091738862795	0.9898094788881194	0.014777236679816638	0.9999976776816369
ABCA4_mutation_status	6.309666656015034e-05	0.9936621974880485	0.00917261416395868	0.9999976776816369
ABCB1_mutation_status	0.0006985390240853829	0.9789144546255925	0.030745303781380122	0.9999976776816369
ABCB4_mutation_status	0.00011776858474941972	0.9913414281483828	0.012546072932187638	0.9999976776816369
ABCB5_mutation_status	0.0001811493161907394	0.9892614585181656	0.015576223997858477	0.9999976776816369
ABCC1_mutation_status	0.0005583062465379508	0.981148934826925	0.027455945978687998	0.9999976776816369
ABCC8_mutation_status	0.00023025221130973603	0.9878933133932617	0.0175728471555379	0.9999976776816369
ABCC9_mutation_status	0.0001653899976200676	0.989739164839389	0.014879726436532022	0.9999976776816369
ACACA_mutation_status	0.00014102262882536697	0.9905251082451119	0.013734549271237977	0.9999976776816369
ACACB_mutation_status	0.0005799301029567635	0.9807874100991688	0.02798763492888742	0.9999976776816369
ACAN_mutation_status	0.0014458844893454558	0.9696679184882078	0.04443734179180894	0.9999976776816369
ACTN2_mutation_status	9.457067305018448e-05	0.9922408980868735	0.011237671570197836	0.9999976776816369
ACVR2A_mutation_status	1.0530025631405773e-07	0.9997410864568008	0.00037358164955395565	0.9999976776816369
ADAMTS10_mutation_status	0.00016057404344090086	0.9898896518532359	0.014660385449794889	0.9999976776816369
ADAMTS12_mutation_status	1.4352984297609293e-05	0.9969771950310685	0.004367590255735058	0.9999976776816369
ADAMTS16_mutation_status	6.738342570437223e-05	0.9934504459984775	0.009480088253122783	0.9999976776816369
ADAMTS18_mutation_status	0.0005120500616796078	0.9819465914356615	0.026283537115550603	0.9999976776816369
ADAMTS19_mutation_status	7.52672856676887e-05	0.993077902044582	0.010021200411555867	0.9999976776816369
ADAMTS2_mutation_status	4.1131320977127496e-05	0.9948829057861873	0.007401359364242096	0.9999976776816369
ADAMTS5_mutation_status	0.0004013648893756485	0.9840161755968334	0.023246063609912618	0.9999976776816369
ADAMTS9_mutation_status	0.0001658325854835315	0.9897254456412222	0.01489972438855969	0.9999976776816369
ADAMTSL1_mutation_status	0.0010602820132434925	0.9740238957749382	0.03797092843896659	0.9999976776816369
ADAMTSL3_mutation_status	6.135558254289763e-05	0.9937502497529844	0.00904477701951335	0.9999976776816369
ADCY10_mutation_status	0.0005511348507709076	0.9812703738996795	0.027277391326807374	0.9999976776816369
ADCY1_mutation_status	0.0007757787511931807	0.9777795499089788	0.03241886294428569	0.9999976776816369
ADCY2_mutation_status	0.0008690298877636163	0.9764823177022969	0.034334175090889305	0.9999976776816369
ADCY5_mutation_status	4.382358448810973e-05	0.994718091931776	0.007640378274310668	0.9999976776816369
ADCY8_mutation_status	1.6164541717247106e-05	0.9967921017128503	0.00463545797091996	0.9999976776816369
ADCY9_mutation_status	0.00016210715412281595	0.9898415038884602	0.014730559452788214	0.9999976776816369
AFAP1_mutation_status	0.0004723150649238946	0.9826610907215778	0.025234162595315173	0.9999976776816369
AFF2_mutation_status	3.1047219564447716e-06	0.9985941104809924	0.0020296969364823453	0.9999976776816369
AFF3_mutation_status	0.00042942573527503984	0.9834669486937937	0.024051526122030317	0.9999976776816369
AGAP1_mutation_status	0.00025821124440414265	0.9871793823850891	0.01861583131717278	0.9999976776816369
AGRN_mutation_status	0.0003194656605383879	0.9857396879325927	0.02072138186603971	0.9999976776816369
AHNAK2_mutation_status	3.374557049130619e-05	0.9953650398326019	0.00670237870412519	0.9999976776816369
AHNAK_mutation_status	0.00033532016379502345	0.9853901544229441	0.02123303792790268	0.9999976776816369
AKAP12_mutation_status	0.0006986078115034276	0.9789134167116327	0.030746833428949825	0.9999976776816369
AKAP13_mutation_status	7.202483385428354e-05	0.993228638799055	0.009802234039443988	0.9999976776816369
AKAP6_mutation_status	0.0010767549288169663	0.973822958400351	0.038268581567345805	0.9999976776816369
AKAP9_mutation_status	0.0007931967199515527	0.9775315503897939	0.032784827908464265	0.9999976776816369
ALMS1_mutation_status	0.0002795453203901455	0.9866603037401003	0.01937462871037982	0.9999976776816369
ALPK2_mutation_status	7.110303366141667e-05	0.9932721084817344	0.009739094374657567	0.9999976776816369
ALPK3_mutation_status	1.0059163301707463e-05	0.9974694188851386	0.0036554840276344903	0.9999976776816369
AMBRA1_mutation_status	7.438551836051454e-06	0.9978238755929852	0.0031429048079130713	0.9999976776816369
AMY2B_mutation_status	0.000362251041682137	0.9848148647992214	0.022075556856349203	0.9999976776816369
ANK1_mutation_status	0.0005089301168674704	0.98200166624164	0.026202622407972907	0.9999976776816369
ANK2_mutation_status	0.0020476361788703697	0.963907391888655	0.053033549760849355	0.9999976776816369
ANK3_mutation_status	0.003266440645883783	0.9544234900599223	0.0672985441258868	0.9999976776816369
ANKRD11_mutation_status	6.359917304194011e-05	0.993637010707803	0.00920918323499569	0.9999976776816369
ANKRD17_mutation_status	2.9755936186199844e-05	0.9956476409348847	0.006292831125157638	0.9999976776816369
ANKRD26_mutation_status	2.7616724604963683e-06	0.9986740536682461	0.001914205544854955	0.9999976776816369
ANKRD30A_mutation_status	4.2567832800342245e-05	0.9947943166146331	0.0075298296076798	0.9999976776816369
APC_mutation_status	0.000607321292742816	0.9803390111100414	0.028647360892731986	0.9999976776816369
APOB_mutation_status	5.668021695155551e-07	0.9993993025720381	0.0008668835938427633	0.9999976776816369
ARFGEF1_mutation_status	2.19424799210989e-06	0.9988180944895892	0.0017061376641485083	0.9999976776816369
ARFGEF2_mutation_status	2.5712449934333132e-05	0.9959541485780012	0.005848769403041817	0.9999976776816369
ARHGAP30_mutation_status	0.000582682869346512	0.9807418745148516	0.028054617320846072	0.9999976776816369
ARHGAP31_mutation_status	3.143432330503447e-05	0.995526578260029	0.006468261802375694	0.9999976776816369
ARHGAP32_mutation_status	0.0011482006952095803	0.9729687666865446	0.039534601155038936	0.9999976776816369
ARHGAP33_mutation_status	0.0005630063733014034	0.98106976667829	0.02757236062238329	0.9999976776816369
ARHGAP5_mutation_status	0.00028250670736398945	0.9865898389034923	0.019477666098471354	0.9999976776816369
ARHGEF10_mutation_status	1.9026209097859172e-05	0.9965197149416798	0.005029747557861722	0.9999976776816369
ARHGEF11_mutation_status	0.0008414202823824413	0.9768588120791357	0.033778034057628	0.9999976776816369
ARHGEF15_mutation_status	0.001261953447806489	0.9716619218797834	0.04147366219818362	0.9999976776816369
ARHGEF17_mutation_status	0.00015131852773728045	0.9901853421915301	0.01422950178210561	0.9999976776816369
ARID1A_mutation_status	0.00022265385563925344	0.9880947353093723	0.01727872553805504	0.9999976776816369
ARID1B_mutation_status	0.00028412537322167604	0.9865514796088898	0.019533760168959642	0.9999976776816369
ARID2_mutation_status	0.00013786229238268218	0.9906318716851479	0.013579057215638495	0.9999976776816369
AR_mutation_status	6.407400285395215e-05	0.9936133024249514	0.009243606500020296	0.9999976776816369
ASAP1_mutation_status	0.0016380208006727874	0.9677164550780263	0.0473437010821009	0.9999976776816369
ASCC3_mutation_status	0.0016797479859880706	0.9673080703709289	0.04795265935906657	0.9999976776816369
ASH1L_mutation_status	0.00013004466749132944	0.9909013507613184	0.013186657911092638	0.9999976776816369
ASPM_mutation_status	0.0015699449964679199	0.9683940640631057	0.04633385876918995	0.9999976776816369
ASTN1_mutation_status	0.0017322352465025128	0.9668015254832232	0.048708345402666164	0.9999976776816369
ASTN2_mutation_status	0.0007448420792320613	0.9782270010023181	0.031758808422116	0.9999976776816369
ASXL1_mutation_status	0.0002531559016366677	0.9873054951494852	0.018431537922875767	0.9999976776816369
ASXL3_mutation_status	0.0002532517476293113	0.9873030924806561	0.01843504881452931	0.9999976776816369
ATG2A_mutation_status	0.0013445720788461358	0.9707493991804506	0.04282918567109875	0.9999976776816369
ATM_mutation_status	3.0431999279935046e-06	0.9986081094582653	0.0020094723894758045	0.9999976776816369
ATP10A_mutation_status	0.00016166854061331273	0.9898552553827191	0.014710516774555153	0.9999976776816369
ATP10D_mutation_status	0.0005117947618753549	0.9819510917962928	0.02627692511328553	0.9999976776816369
ATP1A3_mutation_status	1.3645010891933103e-05	0.9970526886458779	0.004258349903172722	0.9999976776816369
ATP2B2_mutation_status	0.00019640882669550713	0.9888183383728122	0.01622259554254329	0.9999976776816369
ATP2B3_mutation_status	0.0001590837894139993	0.9899366747268663	0.014591854522918142	0.9999976776816369
ATP4A_mutation_status	0.0004581754538556176	0.9829225584326793	0.02485033952826233	0.9999976776816369
ATRNL1_mutation_status	9.979348290233896e-07	0.9992029398815901	0.001150373199346931	0.9999976776816369
ATR_mutation_status	0.0001987015315814473	0.9887532695511577	0.0163175346749369	0.9999976776816369
ATXN1_mutation_status	0.0007008633247822625	0.9788794121896229	0.030796949206831924	0.9999976776816369
ATXN2L_mutation_status	0.0005950447229381179	0.9805387022846822	0.028353519551794153	0.9999976776816369
AUTS2_mutation_status	6.0988191807088515e-05	0.9937689888877067	0.009017572395568505	0.9999976776816369
B2M_mutation_status	0.00035635437969655905	0.9849389476283892	0.021893794362572414	0.9999976776816369
BAGE2_mutation_status	1.3650900283464702e-05	0.9970520526654773	0.0042592701414642725	0.9999976776816369
BAI1_mutation_status	0.0006786989343883893	0.9792159814425511	0.030300990942003562	0.9999976776816369
BAI3_mutation_status	0.000311926134124209	0.9859089496933021	0.020473677382870197	0.9999976776816369
BCHE_mutation_status	0.00014295795225985792	0.9904603185425592	0.013828918246741508	0.9999976776816369
BCL11A_mutation_status	9.538126556829545e-05	0.9922077173402453	0.011285916405812058	0.9999976776816369
BCL9L_mutation_status	0.001117994371403594	0.9733265646762793	0.03900416429591765	0.9999976776816369
BCLAF1_mutation_status	2.1097967525240824e-05	0.9963351277204374	0.00529700542708382	0.9999976776816369
BCORL1_mutation_status	0.0005107346072453135	0.9819697919605538	0.026249450855572738	0.9999976776816369
BCOR_mutation_status	0.00020138604091670317	0.9886775563764404	0.016428012392099813	0.9999976776816369
BDP1_mutation_status	0.000665224048898718	0.9794232925167085	0.029995588447831636	0.9999976776816369
BICC1_mutation_status	0.00038086939681368373	0.9844295726317175	0.022640097342922185	0.9999976776816369
BIRC6_mutation_status	0.0006359789003559605	0.9798805833959151	0.02932215406762649	0.9999976776816369
BMPR2_mutation_status	4.625342988808466e-05	0.9945736389706376	0.0078499016617606	0.9999976776816369
BNC2_mutation_status	6.185362459533765e-05	0.9937249359727015	0.00908152722957342	0.9999976776816369
BOD1L1_mutation_status	0.0006448292336413576	0.9797411052447376	0.029527524765983672	0.9999976776816369
BPTF_mutation_status	5.246774698891767e-05	0.9942206037533414	0.008362093573483312	0.9999976776816369
BRCA2_mutation_status	3.686722255084004e-05	0.9951554035873872	0.007006260207557996	0.9999976776816369
BRINP1_mutation_status	0.001364602043625903	0.9705324312156222	0.04315167218829774	0.9999976776816369
BRINP3_mutation_status	3.379586855324948e-05	0.9953615869337444	0.006707383389340565	0.9999976776816369
BRWD1_mutation_status	1.1757075983980058e-06	0.9991348535324396	0.0012486827430421917	0.9999976776816369
BSN_mutation_status	0.0009409696929325551	0.9755285460144792	0.035744005147917576	0.9999976776816369
BTAF1_mutation_status	0.0005968849300595397	0.9805086389483273	0.028397753288903156	0.9999976776816369
BTBD11_mutation_status	5.306190951326951e-05	0.9941879725326345	0.008409444908473266	0.9999976776816369
C11orf63_mutation_status	2.083409534791909e-05	0.996358117941499	0.005263715930079574	0.9999976776816369
C1orf173_mutation_status	0.003161437969275401	0.9551612383656842	0.06618380346080134	0.9999976776816369
C20orf26_mutation_status	0.0008018780084967559	0.9774089626144615	0.03296576106177605	0.9999976776816369
C2CD3_mutation_status	0.00025809596892617927	0.9871822442678876	0.018611648877577824	0.9999976776816369
C3_mutation_status	2.4272451720828532e-05	0.9960690716531453	0.005682306533438589	0.9999976776816369
C5orf42_mutation_status	0.0005856362556310825	0.9806931398400139	0.02812630898863783	0.9999976776816369
CABIN1_mutation_status	0.00013052288727310077	0.9908846373799161	0.013210991832727408	0.9999976776816369
CACNA1A_mutation_status	0.0002620916792620386	0.9870834149568376	0.018756087956887317	0.9999976776816369
CACNA1B_mutation_status	4.8141040437726015e-05	0.9944640225425794	0.008008916325363586	0.9999976776816369
CACNA1C_mutation_status	1.3804015107281212e-05	0.9970355660710106	0.004283125791391791	0.9999976776816369
CACNA1D_mutation_status	0.0007768208598801262	0.9777646343409783	0.03244087074769926	0.9999976776816369
CACNA1E_mutation_status	0.0002508210339053442	0.9873641668212291	0.01834580679374502	0.9999976776816369
CACNA1G_mutation_status	0.0007320359823739062	0.9784149384221019	0.03148166381135171	0.9999976776816369
CACNA1H_mutation_status	7.491579598314618e-06	0.9978161328362878	0.0031540996493104262	0.9999976776816369
CACNA1I_mutation_status	0.0004855146638663035	0.9824205171245595	0.02558740424770797	0.9999976776816369
CACNA1S_mutation_status	0.00033828728756760194	0.985325665488216	0.02132745830593755	0.9999976776816369
CACNA2D1_mutation_status	4.847633791514344e-06	0.9982432716390629	0.0025366520517495043	0.9999976776816369
CACNA2D3_mutation_status	0.0006368847786682277	0.9798662626444735	0.029343238910425135	0.9999976776816369
CAD_mutation_status	0.0008078018845401848	0.9773256928697329	0.03308867579857849	0.9999976776816369
CAMSAP2_mutation_status	0.00048089904310941466	0.9825042642583744	0.025464425927253728	0.9999976776816369
CAMTA1_mutation_status	0.00034240272738657497	0.9852366850154602	0.021457747699556686	0.9999976776816369
CAMTA2_mutation_status	0.0003606449266889751	0.9848485613601632	0.022026194248784083	0.9999976776816369
CARD11_mutation_status	0.00027453546094941114	0.9867803665054681	0.019199083573384443	0.9999976776816369
CASC3_mutation_status	9.810115864795205e-06	0.9975009415160154	0.0036098918282231923	0.9999976776816369
CASZ1_mutation_status	0.00025908492585057186	0.9871577127032297	0.018647500420321532	0.9999976776816369
CCDC108_mutation_status	3.0058696852872093e-06	0.9986166727945004	0.0019971009400228273	0.9999976776816369
CCDC178_mutation_status	7.734593946899187e-05	0.9929829717901588	0.010159117037572003	0.9999976776816369
CCDC180_mutation_status	0.0002096548058740872	0.9884474648809143	0.01676380487611151	0.9999976776816369
CCDC40_mutation_status	0.00021430418848557278	0.9883200796955626	0.01694974274821817	0.9999976776816369
CD163L1_mutation_status	0.00016689580112892732	0.9896925630582881	0.014947657204292917	0.9999976776816369
CDH10_mutation_status	8.715074709889113e-07	0.9992551384513741	0.0010750084783127845	0.9999976776816369
CDH11_mutation_status	6.492528353188122e-05	0.9935710168203922	0.00930500516487182	0.9999976776816369
CDH12_mutation_status	1.259957117849151e-05	0.9971678449110166	0.0040917330520953464	0.9999976776816369
CDH18_mutation_status	0.002497665870470734	0.9601409930718261	0.058681819189196335	0.9999976776816369
CDH1_mutation_status	1.93181948196016e-05	0.9964931116933919	0.00506826248748563	0.9999976776816369
CDH20_mutation_status	2.8892567752689264e-05	0.9957112469456603	0.006200668856561688	0.9999976776816369
CDH23_mutation_status	0.0014672720376086165	0.9694445145662396	0.04476976576709846	0.9999976776816369
CDH2_mutation_status	9.463870707190016e-05	0.9922381077326387	0.011241728685647486	0.9999976776816369
CDH4_mutation_status	2.958000754789247e-06	0.9986277318372783	0.0019811241009982414	0.9999976776816369
CDH6_mutation_status	0.00021341007677572933	0.988344468683423	0.016914141490666272	0.9999976776816369
CDH8_mutation_status	7.208896649423347e-05	0.9932256248510242	0.009806611897980303	0.9999976776816369
CDH9_mutation_status	0.0004665811402196731	0.9827666431777022	0.02507920395448166	0.9999976776816369
CDHR2_mutation_status	0.0031832349172541425	0.955007093909001	0.06641664518470887	0.9999976776816369
CELSR1_mutation_status	0.000267756553088059	0.9869445833854728	0.018959014784698587	0.9999976776816369
CELSR2_mutation_status	0.0006965883801735482	0.978943908657815	0.030701895956767533	0.9999976776816369
CELSR3_mutation_status	0.00041978014450987387	0.9836536563830969	0.023777661614112287	0.9999976776816369
CENPF_mutation_status	3.9721570034817324e-05	0.9949713618089457	0.007273093623848327	0.9999976776816369
CFH_mutation_status	2.426712863994439e-05	0.9960695027102929	0.00568168219533556	0.9999976776816369
CHD3_mutation_status	0.0022653723645750068	0.9620382773187313	0.05583379819006107	0.9999976776816369
CHD4_mutation_status	0.00011024658447253137	0.9916224958159966	0.012137094303745872	0.9999976776816369
CHD5_mutation_status	3.0643385705903193e-06	0.9986032836613644	0.0020164442636411662	0.9999976776816369
CHD6_mutation_status	9.313256590534853e-06	0.9975650493055099	0.003517175105625135	0.9999976776816369
CHD7_mutation_status	0.00033837340791492986	0.9853237979396939	0.021330192737444912	0.9999976776816369
CHD9_mutation_status	8.88108037645595e-06	0.997622216445894	0.0034345014124112813	0.9999976776816369
CHL1_mutation_status	0.00041894874737564454	0.9836698495493449	0.02375391178285944	0.9999976776816369
CIC_mutation_status	1.3589685496258029e-05	0.9970586698082192	0.00424969542837423	0.9999976776816369
CILP2_mutation_status	9.693967742975131e-05	0.9921443191730697	0.011378101884732941	0.9999976776816369
CIT_mutation_status	0.0013665792668905651	0.9705111003242625	0.04318338087559256	0.9999976776816369
CLUH_mutation_status	3.643066743522122e-05	0.9951841717666647	0.006964555053225593	0.9999976776816369
CMYA5_mutation_status	1.0711249034321412e-06	0.9991742282102579	0.0011918290231132116	0.9999976776816369
CNOT1_mutation_status	4.823621955494543e-07	0.9994458508668647	0.0007996898004619425	0.9999976776816369
CNTLN_mutation_status	0.0002399512115866673	0.9876409762419078	0.01794140118244606	0.9999976776816369
CNTN1_mutation_status	0.00024409191284641328	0.9875348046440684	0.01809649951781045	0.9999976776816369
CNTN3_mutation_status	9.300580508782678e-05	0.9923053590792181	0.01114394984042388	0.9999976776816369
CNTN5_mutation_status	0.000537787316620887	0.9814985223990406	0.02694199910542306	0.9999976776816369
CNTN6_mutation_status	2.1748668355523754e-06	0.9988233257774418	0.001698581600316619	0.9999976776816369
CNTNAP2_mutation_status	0.0018345290016252523	0.965835931734479	0.050149958182691745	0.9999976776816369
CNTNAP4_mutation_status	0.00010132171522708225	0.9919687342963075	0.011633445632588654	0.9999976776816369
CNTNAP5_mutation_status	0.00011025253319311221	0.9916222698093219	0.012137423117127316	0.9999976776816369
COL11A1_mutation_status	0.0016514961362138203	0.9675840080109829	0.0475411698790619	0.9999976776816369
COL11A2_mutation_status	2.0636370352672233e-05	0.9963754405748293	0.00523863352295634	0.9999976776816369
COL12A1_mutation_status	3.872722080779688e-06	0.9984298254024337	0.0022670634140739207	0.9999976776816369
COL14A1_mutation_status	5.15805210991637e-05	0.994269675836284	0.008290887743162296	0.9999976776816369
COL15A1_mutation_status	2.573959452228721e-05	0.9959520135605564	0.005851862098007501	0.9999976776816369
COL17A1_mutation_status	5.0728408715748027e-05	0.9943172047433265	0.008221924481690731	0.9999976776816369
COL1A2_mutation_status	0.0017290528043784608	0.9668320178368531	0.04866284436393772	0.9999976776816369
COL22A1_mutation_status	0.0008779325326957504	0.9763621980486055	0.03451165571212126	0.9999976776816369
COL24A1_mutation_status	0.0010356494853355617	0.9743273026698541	0.0375216012062229	0.9999976776816369
COL27A1_mutation_status	0.00020473226921417754	0.9885838834823322	0.016564707941987646	0.9999976776816369
COL4A1_mutation_status	0.0003040004095397188	0.986089102776071	0.020210080814395816	0.9999976776816369
COL4A4_mutation_status	7.627019520954075e-05	0.9930319385838899	0.010087975426167758	0.9999976776816369
COL5A1_mutation_status	0.0005643453295505759	0.9810472740910533	0.027605437083563108	0.9999976776816369
COL5A2_mutation_status	0.0003096950359075576	0.9859594290791316	0.020399812047431787	0.9999976776816369
COL6A2_mutation_status	0.0006660293059114488	0.9794108449431168	0.030013923897830783	0.9999976776816369
COL6A3_mutation_status	0.000325006158617341	0.9856165743563594	0.020901577956950797	0.9999976776816369
COL6A6_mutation_status	2.2348184212085093e-05	0.9962281052557453	0.005451982470389819	0.9999976776816369
COL7A1_mutation_status	6.147966789425473e-05	0.9937439333360479	0.009053947022090496	0.9999976776816369
CPAMD8_mutation_status	6.588845920633476e-05	0.9935235059896885	0.009373993971464465	0.9999976776816369
CPS1_mutation_status	3.820731047113381e-05	0.9950681423866058	0.007132769917449302	0.9999976776816369
CPXM2_mutation_status	2.9799644449821076e-06	0.9986226465950255	0.0019884706548995226	0.9999976776816369
CR1_mutation_status	4.973378335479237e-06	0.9982206333331731	0.0025693700704037536	0.9999976776816369
CRB1_mutation_status	0.0017206074982577143	0.9669130725135827	0.04854190062547845	0.9999976776816369
CREBBP_mutation_status	0.0006038431671139116	0.9803953797707483	0.028564409537704973	0.9999976776816369
CSMD1_mutation_status	0.00027840963027057436	0.9866874259447876	0.01933497115827758	0.9999976776816369
CSMD2_mutation_status	0.00021813896591134276	0.9882160498316824	0.0171016077878911	0.9999976776816369
CSMD3_mutation_status	0.0010576767026600014	0.974055818205423	0.03792364666520023	0.9999976776816369
CSPG4_mutation_status	0.0001380184032948776	0.9906265693431887	0.013586779239470617	0.9999976776816369
CTNNA2_mutation_status	0.0001619308097079831	0.9898470304328132	0.014722504531023322	0.9999976776816369
CTNNA3_mutation_status	0.0005458129580139098	0.981361005652334	0.027144147782903135	0.9999976776816369
CTNNB1_mutation_status	0.0003542513904691629	0.9849834487615008	0.021828612542026962	0.9999976776816369
CTNND1_mutation_status	0.00010987937395450734	0.9916364588821993	0.012116779814486792	0.9999976776816369
CTNND2_mutation_status	0.0010710200017443228	0.9738927375663552	0.038165209132649015	0.9999976776816369
CTTNBP2_mutation_status	7.167947368766036e-05	0.9932448923077055	0.009778625513117813	0.9999976776816369
CUBN_mutation_status	1.3945290226672457e-06	0.9990577769179807	0.0013599813714216028	0.9999976776816369
CUL7_mutation_status	0.0012558946956770112	0.9717300020174149	0.04137258235342724	0.9999976776816369
CUL9_mutation_status	0.0006399115341741951	0.979818487360886	0.02941358202527799	0.9999976776816369
CUX1_mutation_status	9.656361512669289e-08	0.9997520598767803	0.0003577463378749385	0.9999976776816369
CUX2_mutation_status	0.00013989620367345403	0.9905630229210232	0.013679327785570277	0.9999976776816369
DCAF12L1_mutation_status	1.4974103065347134e-06	0.99902363913809	0.0014092790680662905	0.9999976776816369
DCAF12L2_mutation_status	0.0005147443001414583	0.9818991663363741	0.02635321667699091	0.9999976776816369
DCC_mutation_status	0.00038960631474917927	0.984252019975738	0.022900326663839	0.9999976776816369
DCDC1_mutation_status	1.2476036285870927e-08	0.9999108793438796	0.00012857965826258198	0.9999976776816369
DCHS1_mutation_status	0.00046136590944997343	0.9828632122281532	0.024937448180964182	0.9999976776816369
DCHS2_mutation_status	0.0009783015382935712	0.9750479850196687	0.03645487495184935	0.9999976776816369
DCLK1_mutation_status	9.034251340594896e-06	0.9976017994845751	0.0034640273690063287	0.9999976776816369
DCSTAMP_mutation_status	0.0003446840389111499	0.9851875908518878	0.02152963872039387	0.9999976776816369
DENND3_mutation_status	0.00010988962007499007	0.9916360689604584	0.012117347097252045	0.9999976776816369
DHX30_mutation_status	1.5597024508210274e-05	0.9968489172385799	0.004553229047599556	0.9999976776816369
DHX36_mutation_status	9.666416802114768e-05	0.9921554899556276	0.011361858338747342	0.9999976776816369
DIDO1_mutation_status	0.0005829204793254766	0.9807379490798123	0.028060391742378725	0.9999976776816369
DIP2C_mutation_status	6.299455233651513e-05	0.9936673279353071	0.00916516530283844	0.9999976776816369
DISP1_mutation_status	0.00012000045948744293	0.991259770627143	0.012664913676441498	0.9999976776816369
DLC1_mutation_status	0.00031733400898000257	0.9857873388573943	0.020651643280684976	0.9999976776816369
DLG2_mutation_status	2.081025975754813e-05	0.9963602018008475	0.005260698570808833	0.9999976776816369
DLGAP2_mutation_status	8.981749752764816e-05	0.9924383941548649	0.010950545483942519	0.9999976776816369
DLGAP4_mutation_status	6.027332638409161e-07	0.9993805552194643	0.0008939468169219474	0.9999976776816369
DMBT1_mutation_status	0.0002142577563280133	0.9883213449870789	0.016947895746760946	0.9999976776816369
DMD_mutation_status	0.0027475430706212977	0.9581964197153459	0.061606672012516066	0.9999976776816369
DMXL1_mutation_status	0.0015251703642403965	0.9688477904074398	0.04565806420347762	0.9999976776816369
DMXL2_mutation_status	1.2056709836808745e-05	0.9972295290969502	0.004002491589650832	0.9999976776816369
DNAH10_mutation_status	0.002553082408774823	0.9597016085406829	0.05934218363225944	0.9999976776816369
DNAH11_mutation_status	0.004783997546969334	0.9448571296385662	0.08183189671191869	0.9999976776816369
DNAH17_mutation_status	7.490982074741774e-05	0.9930943586641191	0.009997293237071391	0.9999976776816369
DNAH1_mutation_status	0.0016441925486832363	0.9676557264211554	0.047434239669948516	0.9999976776816369
DNAH2_mutation_status	1.3465663271130556e-08	0.9999074121636068	0.0001335821965498343	0.9999976776816369
DNAH3_mutation_status	3.57095745119632e-06	0.9984922402665828	0.00217687900821957	0.9999976776816369
DNAH5_mutation_status	0.0006331391899507678	0.9799255417680975	0.029255962601263983	0.9999976776816369
DNAH7_mutation_status	0.0008392358322313071	0.9768888621422965	0.033733654655235416	0.9999976776816369
DNAH8_mutation_status	0.0014259235425586906	0.9698779185005568	0.044124932595997556	0.9999976776816369
DNAH9_mutation_status	0.0017626885280997223	0.9665111466350792	0.04914172395895276	0.9999976776816369
DOCK10_mutation_status	0.0008412990989123929	0.9768604780979468	0.03377557356385192	0.9999976776816369
DOCK2_mutation_status	0.0018393701221383074	0.9657909114173706	0.050217207805437016	0.9999976776816369
DOCK3_mutation_status	0.00030360806475346276	0.9860980815097635	0.020196944561736842	0.9999976776816369
DOCK4_mutation_status	2.737128404588251e-06	0.9986799589127432	0.0019056747917711148	0.9999976776816369
DOCK5_mutation_status	0.0013362773877181086	0.9708397222147466	0.04269495686613175	0.9999976776816369
DOPEY1_mutation_status	2.165756211254752e-06	0.9988257929352715	0.0016950180552148708	0.9999976776816369
DOPEY2_mutation_status	7.81986437279681e-06	0.9977687968939412	0.0032225420676457103	0.9999976776816369
DOT1L_mutation_status	2.0714553051254505e-07	0.9996368568720515	0.0005239999390721568	0.9999976776816369
DPP6_mutation_status	5.8999842471582895e-05	0.9938714008446503	0.008868904433995321	0.9999976776816369
DPYD_mutation_status	0.0008056466062538483	0.9773559533477119	0.03304400699882472	0.9999976776816369
DSCAML1_mutation_status	1.2780782845142406e-06	0.9990979747454093	0.0013019346388330314	0.9999976776816369
DSCAM_mutation_status	0.00012060944861224464	0.9912376217317964	0.012697149886791293	0.9999976776816369
DSEL_mutation_status	0.00036077716706077993	0.9848457841030971	0.02203026263127781	0.9999976776816369
DSP_mutation_status	0.0002495264474318546	0.9873968155524494	0.018298102627977514	0.9999976776816369
DST_mutation_status	1.6803127816817008e-05	0.9967293512125959	0.004726282010387771	0.9999976776816369
DUOX1_mutation_status	0.0003241911860656349	0.9856346173783337	0.020875167747602733	0.9999976776816369
DUOX2_mutation_status	8.441049538522773e-07	0.9992669421902907	0.0010579666895190012	0.9999976776816369
DYNC1H1_mutation_status	2.9145259364764898e-05	0.9956925334446398	0.006227783272419006	0.9999976776816369
DYNC2H1_mutation_status	9.719519481158857e-07	0.9992133847017174	0.0011352925677334668	0.9999976776816369
DYSF_mutation_status	7.870586521089402e-07	0.9992921462237921	0.0010215787394646783	0.9999976776816369
EBF3_mutation_status	1.9309598801549967e-09	0.9999649388072285	5.0583495703158297e-05	0.9999976776816369
EDNRB_mutation_status	0.0006282097702722409	0.9800038247052001	0.02914071517741692	0.9999976776816369
EIF4G1_mutation_status	0.0009627129426451597	0.9752475160425037	0.036159676180181045	0.9999976776816369
EIF5B_mutation_status	4.812272104826969e-06	0.9982496906965684	0.002527375041907591	0.9999976776816369
ELFN2_mutation_status	0.000684320540055274	0.9791301023696499	0.03042752354387019	0.9999976776816369
ELMO1_mutation_status	2.8640662807895476e-05	0.9957299838211132	0.00617352108350075	0.9999976776816369
ELMSAN1_mutation_status	4.332179748822863e-06	0.9983392931315527	0.0023978852072574297	0.9999976776816369
EP300_mutation_status	2.9186684949778224e-06	0.9986368858209299	0.001967899607156076	0.9999976776816369
EP400_mutation_status	0.0010791166453258023	0.9737942765358124	0.03831107367821244	0.9999976776816369
EPB41L3_mutation_status	0.00015055997964585574	0.9902099719216668	0.014193616836029141	0.9999976776816369
EPG5_mutation_status	0.001157779313085945	0.9728562930566066	0.03970138402949173	0.9999976776816369
EPHA2_mutation_status	0.0006142569371477516	0.9802270878479747	0.02881207978224549	0.9999976776816369
EPHA3_mutation_status	8.578431643047011e-05	0.9926101129634842	0.010700941634613855	0.9999976776816369
EPHA4_mutation_status	5.105686666660562e-06	0.9981971202059741	0.002603353210402692	0.9999976776816369
EPHA5_mutation_status	0.00030614335948244217	0.9860401637385193	0.020281682720006116	0.9999976776816369
EPHA6_mutation_status	0.0002424364947824063	0.9875771422656148	0.018034649578871128	0.9999976776816369
EPHB1_mutation_status	2.3784768713327277e-05	0.9961087618941703	0.005624820787997789	0.9999976776816369
EPPK1_mutation_status	6.0072315779604976e-05	0.9938159513082774	0.008949396741881594	0.9999976776816369
ERBB2_mutation_status	0.0002619009244861396	0.9870881158569244	0.018749217261877258	0.9999976776816369
ERBB3_mutation_status	0.00039869225490752827	0.9840694744501648	0.02316792271050286	0.9999976776816369
ERBB4_mutation_status	0.00029265335713252633	0.986351163412279	0.01982672463476889	0.9999976776816369
ERC2_mutation_status	0.000281736514758799	0.986608129592769	0.019450919783974754	0.9999976776816369
ESPL1_mutation_status	2.0822617403813695e-06	0.9988486494560372	0.0016620046787983894	0.9999976776816369
EVC2_mutation_status	0.00019625759984636776	0.9888226436335342	0.01621631414126779	0.9999976776816369
EVC_mutation_status	7.899530759133585e-05	0.9929085508859399	0.010267246477956257	0.9999976776816369
EVPL_mutation_status	2.2162990206667356e-05	0.9962437660422424	0.0054293033657643874	0.9999976776816369
F5_mutation_status	0.0018375885864338457	0.9658074720151754	0.05019246985521654	0.9999976776816369
F8_mutation_status	0.00043104821166595924	0.9834357496448654	0.024097294235736366	0.9999976776816369
FAM135B_mutation_status	0.00011105540629794548	0.9915918224128432	0.012181721216947768	0.9999976776816369
FAM179B_mutation_status	7.72474394092202e-05	0.9929874411914511	0.010152623503692563	0.9999976776816369
FAM47C_mutation_status	2.0021408038836952e-06	0.9988710174615291	0.001629697632786501	0.9999976776816369
FANCM_mutation_status	8.110792067773032e-05	0.992814353889487	0.010404121103740437	0.9999976776816369
FASN_mutation_status	6.837017759154407e-05	0.9934026660721798	0.009549476233863145	0.9999976776816369
FAT1_mutation_status	0.0005938619177548147	0.9805580502533813	0.02832505260496126	0.9999976776816369
FAT2_mutation_status	0.00022679677852753533	0.9879844933991928	0.017439696267333975	0.9999976776816369
FAT3_mutation_status	0.0035722544988506747	0.9523401412842333	0.07045115108121268	0.9999976776816369
FAT4_mutation_status	0.00010362173707402926	0.9918780933172819	0.01176527767648671	0.9999976776816369
FBN1_mutation_status	0.0001774851087562195	0.9893706140770172	0.01541704515326017	0.9999976776816369
FBN2_mutation_status	0.0010670898037192817	0.9739406659226787	0.03809421127228172	0.9999976776816369
FBN3_mutation_status	0.0004185812835802269	0.983677011783292	0.023743407362311782	0.9999976776816369
FBXL7_mutation_status	0.0005732660096592947	0.9808980957069876	0.027824830465893957	0.9999976776816369
FBXW7_mutation_status	1.2441601559515278e-05	0.9971856551908815	0.004065965501420575	0.9999976776816369
FCGBP_mutation_status	0.0012863404715732969	0.9713895342347793	0.04187815205972021	0.9999976776816369
FCRL3_mutation_status	0.00029710026447196826	0.9862478666067689	0.01997782051073505	0.9999976776816369
FER1L6_mutation_status	4.845268033221123e-05	0.9944461332263075	0.008034869059122011	0.9999976776816369
FHOD3_mutation_status	1.4164372390935842e-05	0.9969971218885048	0.004338755001277891	0.9999976776816369
FIGN_mutation_status	0.00010402119480601289	0.991862454101362	0.011788025227098554	0.9999976776816369
FILIP1_mutation_status	0.00040549109266395627	0.9839342364401819	0.02336620201817848	0.9999976776816369
FLG2_mutation_status	0.0003106263036520573	0.985938336774473	0.020430675476418855	0.9999976776816369
FLG_mutation_status	3.709311598075991e-06	0.9984633093396974	0.0022186811452346022	0.9999976776816369
FLNA_mutation_status	2.379458672835165e-05	0.9961079588594642	0.005625983848397828	0.9999976776816369
FLNB_mutation_status	0.000943425586408125	0.9754966420919655	0.035791188168495844	0.9999976776816369
FLNC_mutation_status	0.0012114696073984622	0.9722342990925623	0.04062406356081856	0.9999976776816369
FLRT2_mutation_status	7.706640905506692e-05	0.9929956628101984	0.010140678499154602	0.9999976776816369
FLT4_mutation_status	5.937718852458392e-08	0.9998055760007247	0.0002805218105541272	0.9999976776816369
FMN2_mutation_status	0.00044947747786382874	0.983085409196797	0.024611333385659337	0.9999976776816369
FN1_mutation_status	8.498691803646577e-06	0.9976739690642034	0.0033596621516069065	0.9999976776816369
FOCAD_mutation_status	1.616034261591524e-05	0.9967925183993407	0.0046348548848735745	0.9999976776816369
FRAS1_mutation_status	4.2167658282375846e-05	0.9948188430159131	0.007494260766241537	0.9999976776816369
FREM1_mutation_status	3.5933368859254463e-05	0.995217153660921	0.00691674277066818	0.9999976776816369
FREM2_mutation_status	2.162313977449909e-05	0.9962897952748853	0.005362648382409745	0.9999976776816369
FRYL_mutation_status	4.089084616096292e-06	0.9983865600199356	0.002329581683893449	0.9999976776816369
FRY_mutation_status	0.00034511474147099185	0.9851783403257894	0.02154318512608088	0.9999976776816369
FSIP2_mutation_status	7.313392763743943e-05	0.9931767039209657	0.009877673014032206	0.9999976776816369
FSTL5_mutation_status	0.00010194700493784322	0.9919439914581881	0.011669431459375075	0.9999976776816369
GABBR2_mutation_status	9.435146825803073e-05	0.9922498954083739	0.01122458973464331	0.9999976776816369
GCN1L1_mutation_status	6.544686098188272e-05	0.9935452454104259	0.00934242651365131	0.9999976776816369
GLI2_mutation_status	5.78250780352681e-05	0.9939327206705203	0.008779895856378091	0.9999976776816369
GLI3_mutation_status	0.0019438860443073307	0.9648330440461451	0.051648776719492494	0.9999976776816369
GNAS_mutation_status	1.1865263842651895e-06	0.9991308821380819	0.0012544172265425656	0.9999976776816369
GOLGA3_mutation_status	0.0001257226974498395	0.9910538164029994	0.012964693833158646	0.9999976776816369
GOLGB1_mutation_status	3.1908879171661454e-06	0.9985747350495994	0.0020576894007642782	0.9999976776816369
GON4L_mutation_status	2.367920897514851e-06	0.9987722117149491	0.0017724123664651706	0.9999976776816369
GPATCH8_mutation_status	9.458908217027065e-06	0.9975460829252627	0.0035446048585697993	0.9999976776816369
GPR112_mutation_status	6.110317656434728e-05	0.9937631179205885	0.00902609554356467	0.9999976776816369
GPR158_mutation_status	0.0007119198965904579	0.978713507857761	0.031041483558137642	0.9999976776816369
GPR179_mutation_status	3.287325189994924e-05	0.9954253379554235	0.006614984467376973	0.9999976776816369
GPR98_mutation_status	0.0004612479829700495	0.9828654021379843	0.024934233727015358	0.9999976776816369
GREB1_mutation_status	4.145386784390041e-05	0.9948628814250257	0.007430397291329624	0.9999976776816369
GRIA2_mutation_status	0.0002603894202247548	0.9871254255940121	0.01869468762610122	0.9999976776816369
GRIA4_mutation_status	0.0013143519694523867	0.9710798344983905	0.04233818739909847	0.9999976776816369
GRID1_mutation_status	0.0002293497866318178	0.9879170596621659	0.01753816910661521	0.9999976776816369
GRID2_mutation_status	4.820371160660949e-08	0.9998248217039208	0.00025275099791576846	0.9999976776816369
GRIN2A_mutation_status	0.00010399974023015336	0.9918632933079603	0.011786804575303046	0.9999976776816369
GRIN2B_mutation_status	0.00047246300421200456	0.9826583759011416	0.02523814836765069	0.9999976776816369
GRIP1_mutation_status	0.00016447580422758692	0.9897675609655675	0.01483833536684075	0.9999976776816369
GRM1_mutation_status	0.00020859060187304406	0.9884768203687211	0.016720959515769837	0.9999976776816369
GRM2_mutation_status	0.0003757579609475805	0.984534393387791	0.022486489265047493	0.9999976776816369
GRM3_mutation_status	0.0008970715958451628	0.9761060095360092	0.034890255371097176	0.9999976776816369
GRM4_mutation_status	0.0002766108462149032	0.986730497435176	0.01927199511568597	0.9999976776816369
GRM5_mutation_status	0.0009118152913047949	0.9759105157661996	0.035179226175919995	0.9999976776816369
GRM7_mutation_status	0.0005287144748593033	0.9816552248328724	0.02671168212186199	0.9999976776816369
GRM8_mutation_status	0.001135122454684591	0.973123094629584	0.039305785482987715	0.9999976776816369
GTF3C1_mutation_status	5.4205286493681176e-05	0.994125688666028	0.00849982966744106	0.9999976776816369
GUCY2C_mutation_status	0.0003260998928108953	0.9855923952387452	0.020936970544560632	0.9999976776816369
HCFC1_mutation_status	0.0002267159374228623	0.9879866348757816	0.017436569199725867	0.9999976776816369
HCN1_mutation_status	0.0003788753045314421	0.984470381482257	0.022580292652304875	0.9999976776816369
HDAC4_mutation_status	2.482682964869022e-07	0.9996024418365625	0.0005736692318565757	0.9999976776816369
HDLBP_mutation_status	5.776666907660847e-05	0.9939357856570971	0.008775447029988805	0.9999976776816369
HEATR1_mutation_status	0.00025395445616878425	0.9872854908440141	0.01846076940676818	0.9999976776816369
HECTD1_mutation_status	9.599223888566576e-05	0.9921828008895445	0.011322146008336613	0.9999976776816369
HECTD4_mutation_status	2.53457301739446e-06	0.9987297409972153	0.0018337612865836769	0.9999976776816369
HECW1_mutation_status	0.000367919492370764	0.9846965330511093	0.02224891622514786	0.9999976776816369
HELZ2_mutation_status	0.00027872101710783387	0.9866799840021759	0.01934585251128506	0.9999976776816369
HERC1_mutation_status	7.178138146281035e-05	0.993240092209447	0.009785597705716662	0.9999976776816369
HERC2_mutation_status	1.841664327300339e-05	0.9965759194995079	0.004948380627470412	0.9999976776816369
HIVEP1_mutation_status	0.0008213346775719448	0.9771366063253681	0.03336782594725861	0.9999976776816369
HIVEP2_mutation_status	7.245268675831076e-06	0.9978523337885945	0.003101759358077165	0.9999976776816369
HIVEP3_mutation_status	7.185642885587632e-07	0.9993236479287796	0.0009760999098650453	0.9999976776816369
HMCN1_mutation_status	8.865414089961552e-05	0.9924875229661765	0.01087912932493416	0.9999976776816369
HRNR_mutation_status	0.0014349898037644433	0.9697823552607191	0.04426709008015263	0.9999976776816369
HSPG2_mutation_status	5.618837494259629e-07	0.9994019145231156	0.0008631130849655235	0.9999976776816369
HTR1A_mutation_status	0.0006311347786428367	0.9799573364276879	0.029209153684024998	0.9999976776816369
HTT_mutation_status	0.00014982907010273544	0.9902337630124685	0.014158954615524647	0.9999976776816369
HUWE1_mutation_status	1.1885054649009958e-05	0.9972493217545174	0.003973857774950797	0.9999976776816369
HYDIN_mutation_status	0.00010054449200868057	0.9919995958584626	0.011588562030363575	0.9999976776816369
IGF1R_mutation_status	5.9204975746723584e-05	0.9938607562061396	0.00888435618098969	0.9999976776816369
IGF2R_mutation_status	3.1053797538986034e-06	0.9985939615561252	0.0020299120921508634	0.9999976776816369
IGSF10_mutation_status	0.0001773427468081606	0.9893748776295295	0.015410828076741939	0.9999976776816369
IGSF1_mutation_status	0.00042112842359469865	0.9836274299450003	0.023816127649746246	0.9999976776816369
IGSF9B_mutation_status	0.00012858776567642972	0.9909524585978808	0.01311224977662036	0.9999976776816369
IMPG2_mutation_status	0.00022808934143541863	0.9879503051815708	0.017489620153547703	0.9999976776816369
INADL_mutation_status	0.0009431882109350331	0.9754997239637603	0.035786630291062216	0.9999976776816369
INTS1_mutation_status	2.0135113744034275e-05	0.9964197310861703	0.005174504803668648	0.9999976776816369
IRS1_mutation_status	0.00013126972233917715	0.9908585972532918	0.013248905888282635	0.9999976776816369
IRS4_mutation_status	1.9898287872221142e-05	0.9964408484895082	0.005143929686286743	0.9999976776816369
ITGAX_mutation_status	0.00032974532654459453	0.9855120973617152	0.021054514134445465	0.9999976776816369
ITGB4_mutation_status	0.0003688565511888579	0.984677059540082	0.022277447467665117	0.9999976776816369
ITIH5_mutation_status	0.0028865155663168186	0.957153226800763	0.06317819645570402	0.9999976776816369
ITPR1_mutation_status	0.00014485694109186886	0.9903971701998739	0.013920902451946613	0.9999976776816369
ITPR2_mutation_status	0.0002063514347345826	0.9885388321758739	0.01663045529890122	0.9999976776816369
ITPR3_mutation_status	8.181756240313677e-08	0.999771774943242	0.00032929673590400345	0.9999976776816369
JAKMIP1_mutation_status	0.000533811395946725	0.9815670287891417	0.026841305749311317	0.9999976776816369
JARID2_mutation_status	0.0010327627343034356	0.9743630951157232	0.03746860398899327	0.9999976776816369
JMJD1C_mutation_status	7.087072754191431e-06	0.9978759096099441	0.003067673835000526	0.9999976776816369
KALRN_mutation_status	0.0007694975440008449	0.9778696651467397	0.03228590575981994	0.9999976776816369
KAT6A_mutation_status	0.0003449208421493415	0.9851825041337824	0.02153708765905138	0.9999976776816369
KCNA1_mutation_status	4.5811310900278896e-05	0.9945996351077883	0.007812193033115259	0.9999976776816369
KCNA3_mutation_status	9.746417882388228e-05	0.9921230965744267	0.01140896238022385	0.9999976776816369
KCNB2_mutation_status	0.0002039011942050192	0.988607076335589	0.0165308617277785	0.9999976776816369
KCND2_mutation_status	3.1062431888780864e-05	0.9955531186695687	0.006429800542098188	0.9999976776816369
KCNG1_mutation_status	0.00017941898044400743	0.9893128656976669	0.01550125599484588	0.9999976776816369
KCNH1_mutation_status	5.616002041936568e-05	0.9940207098970049	0.008652184996725215	0.9999976776816369
KCNH5_mutation_status	0.0009393678679225711	0.9755493773976569	0.03571319824590123	0.9999976776816369
KCNH8_mutation_status	2.420670136362848e-05	0.996074399362253	0.005674589961192894	0.9999976776816369
KCNK9_mutation_status	0.00015396106823818584	0.9901000186743257	0.01435382307200727	0.9999976776816369
KCNMA1_mutation_status	7.232123954682697e-05	0.9932147202593298	0.009822451286662983	0.9999976776816369
KCNQ3_mutation_status	0.0002897368086277242	0.986419338448959	0.019727011275027337	0.9999976776816369
KCNQ5_mutation_status	2.3654926576778755e-05	0.9961193975684232	0.005609416895197286	0.9999976776816369
KCNT2_mutation_status	6.322669733001835e-05	0.9936556704566991	0.00918209077151244	0.9999976776816369
KCNU1_mutation_status	0.00010277709081015258	0.9919112617396761	0.01171703473336908	0.9999976776816369
KDM2B_mutation_status	6.321589365836474e-05	0.9936562125025432	0.009181303771889561	0.9999976776816369
KDM5A_mutation_status	0.0016502096741057124	0.9675966290295496	0.04752235170720871	0.9999976776816369
KDM5B_mutation_status	1.9529938205155837e-05	0.9964739449982493	0.005096011763060039	0.9999976776816369
KDM6B_mutation_status	0.00025975584427051864	0.9871410968942838	0.018671784024252947	0.9999976776816369
KIAA0100_mutation_status	0.0005886737829075958	0.9806431448221703	0.028199858399712147	0.9999976776816369
KIAA0195_mutation_status	0.00019342306533397802	0.9889036488426801	0.01609813215215141	0.9999976776816369
KIAA0947_mutation_status	5.573384145275109e-05	0.9940434400617203	0.008619195421498825	0.9999976776816369
KIAA1109_mutation_status	8.954466387547078e-06	0.9976124126533045	0.003448679076275616	0.9999976776816369
KIAA1161_mutation_status	9.863644514115111e-05	0.9920758693403611	0.011477639461065664	0.9999976776816369
KIAA1217_mutation_status	0.0004946114167918676	0.9822566209744968	0.02582810757639171	0.9999976776816369
KIAA1244_mutation_status	0.00028209142339432843	0.9865996980482188	0.019463249096011027	0.9999976776816369
KIAA1429_mutation_status	0.0006843779178724911	0.979129227654612	0.030428812389558912	0.9999976776816369
KIAA1462_mutation_status	1.0115345195743403e-07	0.9997462357681074	0.0003661508588673337	0.9999976776816369
KIAA1549L_mutation_status	0.0002974225837108964	0.9862404096352531	0.019988728698079498	0.9999976776816369
KIAA1549_mutation_status	0.00017695586905665955	0.9893864727612925	0.015393920288352065	0.9999976776816369
KIAA2018_mutation_status	2.767901803066653e-05	0.9958022806690213	0.006068775299709548	0.9999976776816369
KIAA2022_mutation_status	0.0006275258831989667	0.9800147095946423	0.029124691271781047	0.9999976776816369
KIDINS220_mutation_status	0.0007744818246071491	0.9777981266628027	0.03239145355938672	0.9999976776816369
KIF16B_mutation_status	6.33908237793298e-05	0.9936474415321878	0.009194038449260067	0.9999976776816369
KIF1B_mutation_status	0.00013129422131441705	0.9908577442966958	0.013250147797859067	0.9999976776816369
KIF21A_mutation_status	1.0893662225088833e-05	0.9973665430356479	0.003804286717030789	0.9999976776816369
KIF21B_mutation_status	0.0029703766011250432	0.9565358832509037	0.06410900439532594	0.9999976776816369
KIF26B_mutation_status	0.0003712933540975931	0.9846265345947917	0.02235147575689858	0.9999976776816369
KIF2B_mutation_status	0.0015127390489836755	0.9689749431720545	0.04546873557188577	0.9999976776816369
KIF6_mutation_status	0.0020412075735173284	0.963964054653957	0.052948744219821944	0.9999976776816369
KLF3_mutation_status	0.0004930405800474004	0.9822848143481113	0.025786698991598328	0.9999976776816369
KMT2A_mutation_status	0.0006007806439626844	0.9804451475524144	0.028491175910777485	0.9999976776816369
KMT2B_mutation_status	0.000846056537590306	0.9767951632110845	0.033872038326029245	0.9999976776816369
KMT2C_mutation_status	3.827379548427551e-05	0.9950638533131902	0.007138988424523196	0.9999976776816369
KMT2D_mutation_status	0.00042673533625178236	0.9835188133616999	0.023975445348446315	0.9999976776816369
KMT2E_mutation_status	8.42754146532677e-05	0.9926753916037883	0.01060606644365529	0.9999976776816369
KRAS_mutation_status	3.985590442769904e-06	0.9984071088205585	0.0022998884279316852	0.9999976776816369
KSR2_mutation_status	7.588951099405395e-06	0.9978019863285243	0.0031745535592048583	0.9999976776816369
L1CAM_mutation_status	1.5567119849456316e-08	0.9999004493282616	0.00014362840970509816	0.9999976776816369
LAMA1_mutation_status	0.00012321232683032546	0.9911435796178659	0.012834029808182438	0.9999976776816369
LAMA2_mutation_status	0.00027169212770963234	0.986848995585206	0.019098749807642628	0.9999976776816369
LAMA3_mutation_status	3.5543267282694284e-05	0.9952431860827561	0.0068790059264457306	0.9999976776816369
LAMA4_mutation_status	8.821251522094406e-05	0.9925062572689344	0.010851897112971331	0.9999976776816369
LAMA5_mutation_status	0.0001580612397746574	0.9899690673889063	0.014544647494930469	0.9999976776816369
LAMB2_mutation_status	0.00022128292536888016	0.9881314408971645	0.017225133525031	0.9999976776816369
LAMB3_mutation_status	0.0008574231995320847	0.976639850504921	0.034101448436801324	0.9999976776816369
LAMC3_mutation_status	3.120078662826065e-08	0.9998590637112934	0.00020334241429750997	0.9999976776816369
LARP4B_mutation_status	0.00020037315674060305	0.9887060638454348	0.016386414410070646	0.9999976776816369
LATS2_mutation_status	0.00023506766855623613	0.9877673796580062	0.01775676940111256	0.9999976776816369
LCT_mutation_status	1.1825699512790415e-06	0.9991323323698401	0.0012523231659097526	0.9999976776816369
LENG8_mutation_status	2.284319150808549e-05	0.9961865610471913	0.0055121462753255765	0.9999976776816369
LOXL2_mutation_status	2.1855056276206e-05	0.9962699517974883	0.0053913833666204185	0.9999976776816369
LPA_mutation_status	0.001389668612069292	0.9702631400539541	0.043552028652150174	0.9999976776816369
LPHN1_mutation_status	2.8295405981834445e-07	0.9995755778844568	0.0006124416574250958	0.9999976776816369
LPHN2_mutation_status	0.00018924960432247065	0.9890240061910825	0.01592255550813499	0.9999976776816369
LPHN3_mutation_status	0.0007568564348546216	0.9780521473924658	0.03201670662309016	0.9999976776816369
LRBA_mutation_status	7.723402143520765e-06	0.9977826011057521	0.003202582403421237	0.9999976776816369
LRP12_mutation_status	1.0773448156798613e-05	0.9973811136941373	0.00378321035012831	0.9999976776816369
LRP1B_mutation_status	0.0015920385283678142	0.9681725660903301	0.046663879976111676	0.9999976776816369
LRP1_mutation_status	2.7546831572872685e-05	0.9958123160794877	0.006054236305130052	0.9999976776816369
LRP2_mutation_status	5.545945238940831e-07	0.9994058066187778	0.0008574946284715403	0.9999976776816369
LRP4_mutation_status	0.00035126885395213764	0.9850467891120879	0.021735841570338452	0.9999976776816369
LRP5_mutation_status	0.00011769843094880885	0.9913440073522258	0.012542319432487488	0.9999976776816369
LRRC4B_mutation_status	2.743729449912726e-06	0.998678368122229	0.0019079728527197927	0.9999976776816369
LRRC7_mutation_status	3.393923949128221e-05	0.9953517587749365	0.006721628570349582	0.9999976776816369
LRRIQ1_mutation_status	0.0002139443612894849	0.9883298886934199	0.01693542418621555	0.9999976776816369
LRRK1_mutation_status	8.461092268607742e-06	0.9976791201146623	0.0033522134499281747	0.9999976776816369
LRRK2_mutation_status	0.0004571043034731715	0.9829425294082883	0.024821027214154877	0.9999976776816369
LRRN3_mutation_status	3.569056583860575e-05	0.9952333397866179	0.0068932790941271475	0.9999976776816369
LRRTM1_mutation_status	0.0012088748089795224	0.9722640381623341	0.04057993453518586	0.9999976776816369
LTBP1_mutation_status	0.0015841691112341003	0.9682512831146497	0.04654658679081176	0.9999976776816369
LTBP2_mutation_status	4.077397228934062e-05	0.9949051826172381	0.0073690557497291765	0.9999976776816369
LYST_mutation_status	0.00035849467494574453	0.9848937917338001	0.021959938237532162	0.9999976776816369
MACF1_mutation_status	0.0003106424888095164	0.9859379704762854	0.02043121147005774	0.9999976776816369
MAGEC1_mutation_status	0.00010028252670412588	0.9920100246997184	0.011573395130560077	0.9999976776816369
MAGEE1_mutation_status	2.295010174955668e-06	0.9987912619235522	0.0017448952018363194	0.9999976776816369
MAGI1_mutation_status	0.00033623365046000494	0.985370269951426	0.02126215078007494	0.9999976776816369
MAGI2_mutation_status	2.9491304157909002e-05	0.9956670376441547	0.006264725535844933	0.9999976776816369
MALAT1_mutation_status	0.0006718070857370423	0.9793217526149022	0.03014516494660425	0.9999976776816369
MAP1A_mutation_status	0.000419570102593511	0.9836577458650544	0.023771663707188983	0.9999976776816369
MAP1B_mutation_status	3.8081203355319085e-05	0.995076288059102	0.007120959999399902	0.9999976776816369
MAP2K7_mutation_status	0.0012888482025205216	0.9713616716161668	0.041919533850224344	0.9999976776816369
MAP2_mutation_status	4.9040226464311586e-06	0.998233083851052	0.0025513758637301723	0.9999976776816369
MAP7D3_mutation_status	0.00020775701464887007	0.9884998667681931	0.016687323381923146	0.9999976776816369
MAST4_mutation_status	0.000808875444732108	0.9773106349740452	0.03311090392472739	0.9999976776816369
MCF2L_mutation_status	0.0007784500742081193	0.9777413356535595	0.032475248449752504	0.9999976776816369
MDC1_mutation_status	3.8478023247120745e-06	0.9984348853402277	0.0022597520052205023	0.9999976776816369
MDN1_mutation_status	7.967293317819035e-05	0.9928782012406391	0.01031134515343057	0.9999976776816369
MED12L_mutation_status	0.0004932444740034049	0.9822811523247735	0.025792077465010454	0.9999976776816369
MEGF8_mutation_status	0.0018775299663122238	0.9654380993877398	0.0507443334527104	0.9999976776816369
MGAM_mutation_status	2.018968011579162e-05	0.9964148831177253	0.0051815240916559015	0.9999976776816369
MGA_mutation_status	3.702476416143081e-05	0.9951450637455168	0.007021250143836405	0.9999976776816369
MICAL2_mutation_status	0.0007436600140421541	0.9782442804632306	0.0317333247947256	0.9999976776816369
MICAL3_mutation_status	2.994301661646695e-07	0.9995633958942043	0.0006300241238331266	0.9999976776816369
MKI67_mutation_status	0.0010455662426781243	0.9742047249696952	0.03770311450738255	0.9999976776816369
MKRN3_mutation_status	4.6721635693996314e-07	0.9994546202016221	0.00078703136553766	0.9999976776816369
MLLT4_mutation_status	0.0001464454823519175	0.9903446626805258	0.013997391307317076	0.9999976776816369
MMP16_mutation_status	9.61427958746161e-05	0.9921766731277424	0.011331056179784282	0.9999976776816369
MMP9_mutation_status	0.0002682285178476083	0.9869330833246465	0.018975825432089765	0.9999976776816369
MN1_mutation_status	0.00022336678969483656	0.9880756917266789	0.017306530915503836	0.9999976776816369
MPDZ_mutation_status	0.00021419381505571262	0.9883230876321807	0.01694535193523382	0.9999976776816369
MROH2B_mutation_status	8.205518856369905e-07	0.999277241802696	0.0010430966657693876	0.9999976776816369
MSR1_mutation_status	0.0001315721699714029	0.9908480728012333	0.013264229624153813	0.9999976776816369
MTOR_mutation_status	4.392325948939521e-05	0.9947120886862738	0.007649085141834441	0.9999976776816369
MTUS1_mutation_status	0.00011255047011475058	0.9915354169278732	0.01226378948957574	0.9999976776816369
MTUS2_mutation_status	3.350316926977708e-05	0.995381716574086	0.006678207420499668	0.9999976776816369
MUC16_mutation_status	7.830452794212495e-05	0.9929396239751767	0.010222098019662064	0.9999976776816369
MUC17_mutation_status	7.365860596647413e-05	0.9931522723742053	0.009913162876763729	0.9999976776816369
MUC2_mutation_status	3.459377755941745e-05	0.9953071513082793	0.006786285524504631	0.9999976776816369
MUC4_mutation_status	0.0021667901764063965	0.9628728446180022	0.05458280414086331	0.9999976776816369
MUC5B_mutation_status	0.00017247226282045776	0.9895217873418863	0.015196621930845882	0.9999976776816369
MUC6_mutation_status	0.000595353695602658	0.9805336513737641	0.02836095112270982	0.9999976776816369
MXRA5_mutation_status	0.0006624517278978866	0.9794662045061067	0.02993238027360489	0.9999976776816369
MYCBP2_mutation_status	4.894945882520105e-05	0.9944177347892523	0.008076068746008708	0.9999976776816369
MYH10_mutation_status	0.00029534936975822207	0.9862884450636047	0.01991846308536768	0.9999976776816369
MYH11_mutation_status	0.001275480536873636	0.971510510651394	0.04169849065408114	0.9999976776816369
MYH13_mutation_status	0.0009782869016585817	0.9750481716164425	0.03645459886060194	0.9999976776816369
MYH2_mutation_status	0.0008106117343489554	0.9772863026997521	0.033146823403348694	0.9999976776816369
MYH3_mutation_status	0.00011919351770503866	0.991289205813831	0.012622073879422489	0.9999976776816369
MYH4_mutation_status	0.0005035667008115262	0.982096740142085	0.026062952578445656	0.9999976776816369
MYH6_mutation_status	0.0002159443274183479	0.988275472996489	0.017014858612176435	0.9999976776816369
MYH7B_mutation_status	4.300405598699475e-05	0.99476771179184	0.007568413623017529	0.9999976776816369
MYH7_mutation_status	3.0222512037663303e-05	0.9956136513014113	0.006342082999685179	0.9999976776816369
MYH8_mutation_status	0.003940745375583613	0.949945389870579	0.07408351620952303	0.9999976776816369
MYH9_mutation_status	5.17916772121874e-06	0.9981841930489284	0.0026220369610860583	0.9999976776816369
MYLK_mutation_status	0.0001245756518638937	0.9910947189839941	0.012905152431779705	0.9999976776816369
MYO10_mutation_status	0.00016149918093134926	0.9898605701717791	0.014702770592278664	0.9999976776816369
MYO15A_mutation_status	2.273822301933442e-05	0.9961953327810829	0.005499442950702262	0.9999976776816369
MYO16_mutation_status	3.523866587363687e-05	0.9952636123534107	0.006849396502954796	0.9999976776816369
MYO18B_mutation_status	0.00014404729751071757	0.9904240428837385	0.013881757992574793	0.9999976776816369
MYO3A_mutation_status	0.00034062882313327415	0.98527497287281	0.02140168337564312	0.9999976776816369
MYO5A_mutation_status	9.394330515986464e-05	0.9922666764718463	0.011200190888701644	0.9999976776816369
MYO7B_mutation_status	0.001240891689449594	0.9718992967852316	0.04112125796482524	0.9999976776816369
MYOF_mutation_status	1.145467667615676e-05	0.9972995841404243	0.003901146301502194	0.9999976776816369
MYOM2_mutation_status	0.001195016460378655	0.9724234130683617	0.040343465289768156	0.9999976776816369
MYOM3_mutation_status	9.601237341040193e-06	0.9975276897507508	0.003571206122160867	0.9999976776816369
MYT1L_mutation_status	8.351829294190529e-07	0.9992708266198005	0.0010523585421244664	0.9999976776816369
NALCN_mutation_status	1.7809326248867026e-06	0.9989352107019708	0.0015369846675647866	0.9999976776816369
NAV1_mutation_status	0.0026989698128002913	0.9585672506935508	0.06104844354836225	0.9999976776816369
NAV2_mutation_status	2.9903159890140115e-06	0.9986202564054559	0.001991923729769554	0.9999976776816369
NAV3_mutation_status	0.00018549633526469472	0.9891333844618513	0.015763013613515783	0.9999976776816369
NBAS_mutation_status	0.0004259388504553212	0.983534199123725	0.023952876599730895	0.9999976776816369
NBEAL2_mutation_status	0.00012446184683360926	0.9910987874165595	0.012899230197177137	0.9999976776816369
NBEA_mutation_status	0.00010559558052015148	0.9918011056661254	0.011877261209555812	0.9999976776816369
NCAM2_mutation_status	0.0001505938423578382	0.9902088710925347	0.014195220699510151	0.9999976776816369
NCAN_mutation_status	0.0005751413164467044	0.9808668834718481	0.027870737837401238	0.9999976776816369
NCKAP5_mutation_status	0.0013918820888390627	0.9702394778837883	0.04358721262483953	0.9999976776816369
NCOA2_mutation_status	6.360192481743661e-05	0.9936368730569768	0.009209383094880057	0.9999976776816369
NCOA6_mutation_status	0.0005727254190287909	0.9809071026721063	0.027811583173123915	0.9999976776816369
NCOR1_mutation_status	0.00024313136452992242	0.9875593532919111	0.01806063670857397	0.9999976776816369
NCOR2_mutation_status	0.0008880988047126316	0.9762257718926516	0.03471325619516471	0.9999976776816369
NEBL_mutation_status	0.00011848008821975338	0.9913153130155291	0.012584078676581094	0.9999976776816369
NEB_mutation_status	1.1356630824936056e-05	0.9973111659847116	0.0038843920858571013	0.9999976776816369
NF1_mutation_status	0.0010390613143862137	0.9742850641753218	0.0375841454737671	0.9999976776816369
NFASC_mutation_status	2.1514554465475827e-06	0.9988296760728811	0.001689409296888583	0.9999976776816369
NFATC1_mutation_status	0.0001370079909377973	0.9906609415484989	0.013536722284205072	0.9999976776816369
NFATC2_mutation_status	6.096525669938898e-05	0.9937701605853753	0.009015871395196969	0.9999976776816369
NID1_mutation_status	0.0008179778076012288	0.9771833637896871	0.03329879245945533	0.9999976776816369
NINL_mutation_status	0.0003182610108254104	0.9857665970533888	0.020681999130691398	0.9999976776816369
NIN_mutation_status	0.00027507016399422633	0.9867675002397869	0.01921789446518602	0.9999976776816369
NIPBL_mutation_status	1.0233366516003252e-06	0.9991928592910956	0.0011649280917480122	0.9999976776816369
NLGN4X_mutation_status	3.139839225040405e-05	0.9955291356402919	0.006464555708370203	0.9999976776816369
NLRC5_mutation_status	0.0005900866529085057	0.9806199342103699	0.028234005613209455	0.9999976776816369
NLRP9_mutation_status	8.14661842277902e-05	0.9927985018693519	0.010427156440937349	0.9999976776816369
NOL6_mutation_status	8.849378250917293e-05	0.99249432015806	0.01086924885670076	0.9999976776816369
NOS1_mutation_status	0.00018409742602940892	0.9891744344404236	0.01570314163610401	0.9999976776816369
NOTCH1_mutation_status	0.0004750638428989592	0.9826107174141289	0.02530812012176504	0.9999976776816369
NOTCH2_mutation_status	6.8019798210880506e-06	0.9979190711143294	0.003005273749876426	0.9999976776816369
NOTCH3_mutation_status	0.0005051682159270673	0.9820682982690376	0.026104734148119802	0.9999976776816369
NOTCH4_mutation_status	0.00028360483107243837	0.986563803514677	0.019515738274429824	0.9999976776816369
NPAP1_mutation_status	2.7059578357355153e-07	0.9995849498697699	0.000598915063090337	0.9999976776816369
NPC1_mutation_status	0.00016883124872884512	0.9896329723335032	0.01503452643486555	0.9999976776816369
NRG1_mutation_status	0.0004365815021163925	0.9833297878442466	0.024252748011502005	0.9999976776816369
NRG3_mutation_status	0.00020122612578001324	0.9886820523886851	0.016421451749776078	0.9999976776816369
NRIP1_mutation_status	0.0005266816636793953	0.9816905187585705	0.02665981314081281	0.9999976776816369
NRK_mutation_status	0.0003305497887451839	0.9854944373879521	0.021080366871229224	0.9999976776816369
NRXN1_mutation_status	0.0007724489131246199	0.9778272767753555	0.03234844458358754	0.9999976776816369
NRXN2_mutation_status	0.0007036528651910949	0.9788374322251658	0.03085882157281888	0.9999976776816369
NRXN3_mutation_status	0.00035094107215165934	0.9850537666176022	0.02172562238373488	0.9999976776816369
NSD1_mutation_status	1.1140341939953168e-05	0.9973368936157921	0.0038471753692567545	0.9999976776816369
NTNG1_mutation_status	0.00037367817385504316	0.9845772478132359	0.022423693569988325	0.9999976776816369
NUMA1_mutation_status	0.0004488047308561744	0.9830980703405573	0.02459275305528292	0.9999976776816369
NUP205_mutation_status	0.00033600347430601886	0.9853752777997363	0.021254818734665882	0.9999976776816369
NUP210_mutation_status	0.0007230884892358526	0.9785472264160786	0.03128661534633879	0.9999976776816369
NUP214_mutation_status	0.0006972430774453007	0.9789340183651634	0.030716471611321516	0.9999976776816369
NUP98_mutation_status	0.0003629732178150776	0.984799737780407	0.022097717206906	0.9999976776816369
OBSCN_mutation_status	0.0003746378124856458	0.9845574594845096	0.022452689578860707	0.9999976776816369
OBSL1_mutation_status	2.8045524419884278e-05	0.9957745806762158	0.006108906959231575	0.9999976776816369
OCA2_mutation_status	3.6485573248961985e-05	0.9951805441334035	0.006969813957258943	0.9999976776816369
OGDHL_mutation_status	0.00039506677886966604	0.984142061762082	0.0230615100073405	0.9999976776816369
OPLAH_mutation_status	4.940016377160369e-06	0.998226611457439	0.0025607301123435826	0.9999976776816369
OTOF_mutation_status	0.00028598116985840635	0.986507635009014	0.019597878254781195	0.9999976776816369
PAPPA2_mutation_status	3.6591563408315454e-05	0.9951735490640041	0.0069799546171221295	0.9999976776816369
PAPPA_mutation_status	0.0004893187223631172	0.9823517941357819	0.025688328222029776	0.9999976776816369
PARD3B_mutation_status	0.0004101839195148084	0.9838415504163148	0.023502109440136525	0.9999976776816369
PAX1_mutation_status	0.0005369734130802186	0.9815125255395672	0.026921416173486656	0.9999976776816369
PBRM1_mutation_status	0.0001573872572976312	0.9899904753563786	0.014513449717559546	0.9999976776816369
PCDH10_mutation_status	1.6298033191311667e-05	0.996778883141992	0.0046545898370736775	0.9999976776816369
PCDH11X_mutation_status	0.001225546706931046	0.9720735138282642	0.04086267197707664	0.9999976776816369
PCDH15_mutation_status	2.0326745095576812e-05	0.9964027343499061	0.00519911422828681	0.9999976776816369
PCDH17_mutation_status	6.698434000064684e-06	0.9979349707007275	0.0029822878461294323	0.9999976776816369
PCDH18_mutation_status	4.5244679759019177e-05	0.9946331365464056	0.007763599062566218	0.9999976776816369
PCDH19_mutation_status	0.00038410982089790384	0.9843634850265657	0.022736952885846498	0.9999976776816369
PCDH20_mutation_status	9.946165694498301e-05	0.9920427920617269	0.01152574185210148	0.9999976776816369
PCDH7_mutation_status	0.0002453665840593071	0.9875023024610583	0.018143982917572687	0.9999976776816369
PCDH8_mutation_status	0.0012903513573243714	0.9713449835395418	0.0419443196873713	0.9999976776816369
PCDH9_mutation_status	0.0006238663376802068	0.9800730568038061	0.02903879998591297	0.9999976776816369
PCDHA10_mutation_status	0.0004425077864468221	0.9832170426405351	0.024418171935240183	0.9999976776816369
PCDHA11_mutation_status	1.8017703952188116e-06	0.9989289995471706	0.0015459550492177847	0.9999976776816369
PCDHA12_mutation_status	0.0003856911769210083	0.9843313349408649	0.02278407321017343	0.9999976776816369
PCDHA13_mutation_status	0.00023288663739801693	0.9878242565139921	0.017673699644597647	0.9999976776816369
PCDHA1_mutation_status	0.0005317391152571514	0.9816028360530855	0.026788677636940185	0.9999976776816369
PCDHA2_mutation_status	0.0015114776601862483	0.9689878743842484	0.04544948257535134	0.9999976776816369
PCDHA3_mutation_status	0.00047745976925896703	0.982566929165146	0.025372412619471013	0.9999976776816369
PCDHA4_mutation_status	0.0003931545078807149	0.9841804824520701	0.02300518860911903	0.9999976776816369
PCDHA5_mutation_status	3.898664102883397e-05	0.995018098355553	0.007205327853847333	0.9999976776816369
PCDHA6_mutation_status	0.0003868054061912104	0.9843087214513899	0.02281721727733617	0.9999976776816369
PCDHA7_mutation_status	0.001308736134749178	0.9711416572586952	0.042246342684050024	0.9999976776816369
PCDHA8_mutation_status	0.0029099447283002585	0.9569798576060455	0.06343953552369598	0.9999976776816369
PCDHA9_mutation_status	0.0008872838099474368	0.9762366797927874	0.03469713627089265	0.9999976776816369
PCDHB10_mutation_status	2.3005012162623133e-05	0.9961730778292905	0.005531673042703659	0.9999976776816369
PCDHB11_mutation_status	0.00045946062567404043	0.9828986279481309	0.02488546417909522	0.9999976776816369
PCDHB12_mutation_status	0.000515583969400555	0.9818844115244192	0.026374895943766498	0.9999976776816369
PCDHB14_mutation_status	0.00014727326063704085	0.9903174142304707	0.014037086320643297	0.9999976776816369
PCDHB2_mutation_status	6.019270348640793e-05	0.9938097579737345	0.008958387461804248	0.9999976776816369
PCDHB3_mutation_status	0.0018321277446758522	0.9658582844603368	0.05011656970280035	0.9999976776816369
PCDHB5_mutation_status	0.0008046095938460376	0.9773705276145789	0.03302249378688554	0.9999976776816369
PCDHB6_mutation_status	0.00023002016954899255	0.9878994148536848	0.017563936760668232	0.9999976776816369
PCDHB7_mutation_status	1.022048369987876e-05	0.997449207997539	0.0036847164453582197	0.9999976776816369
PCDHB8_mutation_status	0.00015075943080849872	0.9902034898266941	0.014203061011654387	0.9999976776816369
PCDHGA12_mutation_status	0.0005500440169744635	0.9812889149874005	0.027250131885057077	0.9999976776816369
PCDHGA2_mutation_status	9.82506954410374e-06	0.9974990375748554	0.003612645518948564	0.9999976776816369
PCDHGA3_mutation_status	5.0980984789450395e-05	0.9943030752681414	0.008242425654272674	0.9999976776816369
PCDHGA6_mutation_status	0.00017147494760045532	0.9895521244883065	0.015152391899378184	0.9999976776816369
PCDHGA8_mutation_status	8.702316014819517e-06	0.9976462688407577	0.003399718854526045	0.9999976776816369
PCDHGB3_mutation_status	0.0005898421719319747	0.9806239485500943	0.028228099700065488	0.9999976776816369
PCDHGB6_mutation_status	0.00016664754177997697	0.9897002316983369	0.014936478514547193	0.9999976776816369
PCLO_mutation_status	0.00016065028137292962	0.9898872521524971	0.01466388285028326	0.9999976776816369
PCNT_mutation_status	0.00040434531021510894	0.983956947675831	0.02333290201936821	0.9999976776816369
PCNXL2_mutation_status	0.0006540393874550002	0.97959696971709	0.029739783807938167	0.9999976776816369
PCNX_mutation_status	0.0002905922793262027	0.986399306180013	0.01975630991851471	0.9999976776816369
PDCD11_mutation_status	0.0004757307663124435	0.9825985175647699	0.025326032374421617	0.9999976776816369
PDE1C_mutation_status	0.00021994130862242877	0.9881674719084816	0.017172528363924713	0.9999976776816369
PDE3A_mutation_status	0.00029325597790151657	0.986337119426101	0.019847266338584857	0.9999976776816369
PDE4DIP_mutation_status	3.007146700636319e-05	0.9956246258920254	0.006326180344903794	0.9999976776816369
PDZD2_mutation_status	5.561095398164961e-06	0.9981184323759567	0.002717085272507201	0.9999976776816369
PDZRN3_mutation_status	4.1941548540131134e-05	0.994832752589939	0.0074740891205999456	0.9999976776816369
PDZRN4_mutation_status	0.00032410178292680567	0.9856365980924101	0.020872268535811835	0.9999976776816369
PEG3_mutation_status	6.682920071872932e-05	0.9934774358708357	0.009440893921649504	0.9999976776816369
PGM5_mutation_status	0.0006729833783853357	0.9793036614234871	0.030171816364432214	0.9999976776816369
PGR_mutation_status	0.00012275481161862288	0.9911600371813838	0.012810074602661271	0.9999976776816369
PHF3_mutation_status	0.0003906848882037583	0.984230239777894	0.022932251953756765	0.9999976776816369
PIK3CA_mutation_status	4.977064033731548e-06	0.9982199741250155	0.0025703228023170937	0.9999976776816369
PIK3CG_mutation_status	0.00018407741615720388	0.9891750227451671	0.015702283603330414	0.9999976776816369
PITPNM3_mutation_status	0.0013898079546454767	0.9702616499189622	0.0435542443521238	0.9999976776816369
PKD1L1_mutation_status	0.00041657712037571564	0.9837161303880835	0.023686035791844414	0.9999976776816369
PKD1L2_mutation_status	6.297503709684661e-07	0.9993668243105928	0.0009137687457350764	0.9999976776816369
PKD1_mutation_status	5.1872932882126014e-05	0.994253456367117	0.008314422543793581	0.9999976776816369
PKDREJ_mutation_status	5.339187075866528e-05	0.9941699300449656	0.008435627123910633	0.9999976776816369
PKHD1L1_mutation_status	5.180414023454803e-05	0.9942572680300694	0.00830889170388261	0.9999976776816369
PKHD1_mutation_status	1.146369765345537e-06	0.9991457158668281	0.0012329982228652708	0.9999976776816369
PLCB1_mutation_status	0.001085444371896258	0.973717583963981	0.03842469968004124	0.9999976776816369
PLCE1_mutation_status	0.00018364570921459655	0.9891877230391811	0.015683760558220367	0.9999976776816369
PLCG1_mutation_status	5.689262934569364e-07	0.9993981780506263	0.0008685069113424264	0.9999976776816369
PLCH1_mutation_status	3.7873021818407874e-05	0.9950897647561726	0.007101421163427735	0.9999976776816369
PLCL1_mutation_status	4.0314398418668825e-05	0.994933976089796	0.007327303430311562	0.9999976776816369
PLD1_mutation_status	0.0001542903344233062	0.9900894386599245	0.014369239510321102	0.9999976776816369
PLEC_mutation_status	1.6547776557376186e-05	0.9967542976665948	0.004690174239457019	0.9999976776816369
PLEKHA6_mutation_status	0.0001387204175101292	0.9906027622577903	0.013621451009665123	0.9999976776816369
PLXNA1_mutation_status	0.00012291695117030033	0.9911542012555952	0.012818569180393712	0.9999976776816369
PLXNA3_mutation_status	0.0006603650157460288	0.9794985634455482	0.029884718281690877	0.9999976776816369
PLXNA4_mutation_status	0.0004228144103432802	0.983594693516828	0.02386414325715694	0.9999976776816369
PLXNB1_mutation_status	0.00029710399180448647	0.9862477803504723	0.019977946687471073	0.9999976776816369
PLXNB2_mutation_status	9.22732738304663e-05	0.9923357202675152	0.011099808926229514	0.9999976776816369
PLXNC1_mutation_status	3.126989208082114e-05	0.9955382935906701	0.0064512843048993365	0.9999976776816369
PLXND1_mutation_status	8.427595461250654e-05	0.9926753681398127	0.010606100544794331	0.9999976776816369
PML_mutation_status	0.0002474505408231741	0.9874493460753593	0.018221351814280928	0.9999976776816369
PNPLA7_mutation_status	0.0008748743076040918	0.9764033923685727	0.034450787329935596	0.9999976776816369
POGZ_mutation_status	1.2125683865377648e-07	0.99972216102163	0.0004008926106359508	0.9999976776816369
POLE_mutation_status	0.0024825618275418847	0.9602615947786145	0.05850061605435797	0.9999976776816369
POLQ_mutation_status	3.702971681869829e-05	0.9951447390475066	0.00702172086946493	0.9999976776816369
POLR3A_mutation_status	2.0343716205603977e-05	0.9964012329673791	0.0052012880869920924	0.9999976776816369
POP1_mutation_status	3.28769582921609e-05	0.9954250800736034	0.006615358222049503	0.9999976776816369
POSTN_mutation_status	0.0006838500468309044	0.9791372763432059	0.03041695312209302	0.9999976776816369
PPL_mutation_status	9.94895411697549e-05	0.9920416767692845	0.011527363785946603	0.9999976776816369
PPP1R26_mutation_status	0.00010549007540819479	0.9918052024806295	0.01187130190811155	0.9999976776816369
PPP1R3A_mutation_status	6.228896608109743e-05	0.9937028924039739	0.009113530552495664	0.9999976776816369
PRDM16_mutation_status	0.0003373271146726215	0.9853465032856507	0.02129694832310071	0.9999976776816369
PRDM2_mutation_status	3.720399491146547e-06	0.9984610143145752	0.002221997266254561	0.9999976776816369
PRDM9_mutation_status	0.000873430839304476	0.9764228609323173	0.03442202163680633	0.9999976776816369
PREX2_mutation_status	0.0003462138685922408	0.9851547596742768	0.02157771704253688	0.9999976776816369
PRKDC_mutation_status	0.00031900886617587096	0.9857498856909768	0.020706456851324093	0.9999976776816369
PRR12_mutation_status	4.32469629774984e-05	0.9947529556090706	0.0075898144277973135	0.9999976776816369
PRRC2A_mutation_status	5.267045758603929e-06	0.9981688529319269	0.002644208501104617	0.9999976776816369
PRRC2B_mutation_status	0.0002680140783783107	0.9869383071773149	0.01896818924426581	0.9999976776816369
PRUNE2_mutation_status	2.6995531736779544e-07	0.999585441346457	0.0005982057178715964	0.9999976776816369
PSME4_mutation_status	1.4723721071557198e-06	0.999031836410693	0.0013974413942098754	0.9999976776816369
PTCH1_mutation_status	0.0007964306652946244	0.9774858060141369	0.03285234156373155	0.9999976776816369
PTCHD2_mutation_status	2.5127990669981536e-05	0.9960003948056658	0.005781780722456599	0.9999976776816369
PTCHD3_mutation_status	8.365427061496908e-06	0.997692277871714	0.0033331867856519213	0.9999976776816369
PTEN_mutation_status	0.00034788510637215786	0.9851189766073427	0.02163011996733727	0.9999976776816369
PTPN13_mutation_status	0.00031277187217580656	0.9858898617934215	0.020501609257399328	0.9999976776816369
PTPN14_mutation_status	0.0009007021278427831	0.9760577222441778	0.03496162626621561	0.9999976776816369
PTPN23_mutation_status	8.042422355817112e-05	0.9928447027765338	0.010360020694160742	0.9999976776816369
PTPRB_mutation_status	7.469372567374075e-05	0.9931043260863515	0.009982813365812188	0.9999976776816369
PTPRC_mutation_status	0.0004155264097529592	0.9837366764809394	0.023655903687866603	0.9999976776816369
PTPRD_mutation_status	0.000350760271269915	0.9850576167287849	0.021719983579394135	0.9999976776816369
PTPRF_mutation_status	0.0002605730152742958	0.9871208879933794	0.018701319396296524	0.9999976776816369
PTPRG_mutation_status	0.00016790201569492045	0.9896615397223917	0.01499288126277787	0.9999976776816369
PTPRJ_mutation_status	0.004103255826351638	0.9489251103982829	0.07563386129776906	0.9999976776816369
PTPRK_mutation_status	3.921537336461475e-05	0.9950035056562901	0.007226486232045472	0.9999976776816369
PTPRM_mutation_status	0.0007223160258908292	0.9785586855375532	0.03126972099471115	0.9999976776816369
PTPRN2_mutation_status	0.0002936293418383446	0.9863284254766767	0.019859982855840178	0.9999976776816369
PTPRS_mutation_status	0.00030041963181531953	0.9861712644502925	0.020089879402869475	0.9999976776816369
PTPRT_mutation_status	0.00017050298901959116	0.9895817753341498	0.015109163769878411	0.9999976776816369
PTPRU_mutation_status	0.0007711075393710857	0.9778465318878694	0.03232003569943377	0.9999976776816369
PTPRZ1_mutation_status	1.9357135544769244e-05	0.9964895789837933	0.005073377055356882	0.9999976776816369
PXDNL_mutation_status	8.011850515238677e-05	0.9928583151575252	0.010340240783092544	0.9999976776816369
PXDN_mutation_status	8.919894132520117e-05	0.9924644760404038	0.010912631077659824	0.9999976776816369
PZP_mutation_status	2.2697491000576842e-05	0.9961987420199468	0.005494505682453473	0.9999976776816369
QKI_mutation_status	0.0004483809728415007	0.9831060503686087	0.02458104242282655	0.9999976776816369
RAB3GAP2_mutation_status	2.789935570563984e-07	0.9995785586656868	0.0006081394795991723	0.9999976776816369
RAI1_mutation_status	0.00013693778508412006	0.9906633345134863	0.013533237424344388	0.9999976776816369
RALGAPA2_mutation_status	0.00018435594065575596	0.9891668367964032	0.015714222720556115	0.9999976776816369
RANBP2_mutation_status	3.7015555553730824e-05	0.9951456675229194	0.007020374827832677	0.9999976776816369
RASA1_mutation_status	2.569949558693978e-05	0.9959551678803032	0.005847292887656179	0.9999976776816369
RELN_mutation_status	1.921724859652981e-05	0.9965022861668011	0.005054980000928433	0.9999976776816369
RERE_mutation_status	1.690799484258012e-05	0.9967191612105388	0.004741031391014213	0.9999976776816369
REV3L_mutation_status	0.00030943158066679474	0.9859654018376636	0.020391072496126948	0.9999976776816369
RGS12_mutation_status	7.334227565073907e-06	0.9978391893030145	0.003120763782300182	0.9999976776816369
RGS22_mutation_status	0.0010304975826709935	0.9743912155083648	0.037426968005643685	0.9999976776816369
RHOBTB2_mutation_status	0.0006937952299219978	0.9789861561857999	0.03063963602193383	0.9999976776816369
RICTOR_mutation_status	0.0003944610619440401	0.9841542215320316	0.02304368460173081	0.9999976776816369
RIF1_mutation_status	4.835085130851118e-05	0.994451972254773	0.008026398099863094	0.9999976776816369
RIMS1_mutation_status	0.00014967489116729936	0.9902387889410974	0.014151632239557656	0.9999976776816369
RIMS2_mutation_status	2.8333796967311154e-05	0.9957529204132187	0.0061402890556318595	0.9999976776816369
RNF17_mutation_status	0.0021660506610442984	0.9628791762470834	0.05457331734320989	0.9999976776816369
RNF213_mutation_status	8.917772059239443e-05	0.992465372430518	0.010911328041611953	0.9999976776816369
RNF43_mutation_status	2.8754889624124113e-06	0.9986470065136591	0.0019532786779361943	0.9999976776816369
ROBO1_mutation_status	0.0003752697916541017	0.9845444415354893	0.02247176520972033	0.9999976776816369
ROBO2_mutation_status	0.0006416639464052371	0.9797908783911486	0.029454234335297348	0.9999976776816369
ROS1_mutation_status	4.7816183676032186e-05	0.9944827323079032	0.007981773833405141	0.9999976776816369
RP1L1_mutation_status	0.0008137486347420616	0.9772424083682103	0.0332116227936985	0.9999976776816369
RP1_mutation_status	0.00016666655670864492	0.9896996441322335	0.014937335015261188	0.9999976776816369
RPL22_mutation_status	2.346604128367385e-05	0.9961349218625776	0.005586932996458171	0.9999976776816369
RPTOR_mutation_status	0.00011296308560195006	0.9915199159192054	0.01228634380559889	0.9999976776816369
RREB1_mutation_status	8.471559969362876e-12	0.9999976776816369	3.3504010760984534e-06	0.9999976776816369
RTTN_mutation_status	4.1666043800365746e-07	0.9994849716159704	0.000743220301764839	0.9999976776816369
RUSC1_mutation_status	0.00036208809245707975	0.9848182800904826	0.02207055366702086	0.9999976776816369
RXFP3_mutation_status	6.790316815242283e-06	0.9979208559066933	0.003002693471711272	0.9999976776816369
RYR1_mutation_status	0.00023911296570910333	0.9876625809197085	0.017909842527664876	0.9999976776816369
RYR2_mutation_status	0.00022778712901694634	0.9879582899864712	0.017477960061111766	0.9999976776816369
RYR3_mutation_status	0.0002758374193573156	0.9867490600276674	0.019244855072575003	0.9999976776816369
SACS_mutation_status	0.00018286689728989392	0.989210672561437	0.015650289886161125	0.9999976776816369
SALL1_mutation_status	0.0002510557115897767	0.9873582574150386	0.018354441395652628	0.9999976776816369
SALL3_mutation_status	0.00016303332031138536	0.9898125275432371	0.01477279312482949	0.9999976776816369
SALL4_mutation_status	0.00012733389372116693	0.9909966765115941	0.01304787580888017	0.9999976776816369
SAMD9L_mutation_status	0.0022078864317369384	0.9625226704051045	0.05510757383313994	0.9999976776816369
SAMD9_mutation_status	4.5854292030202216e-06	0.9982914420017016	0.002467036289163089	0.9999976776816369
SBF1_mutation_status	2.851553004470089e-05	0.9957393219208154	0.00615999134433491	0.9999976776816369
SCAF4_mutation_status	2.9850628835460605e-05	0.9956407212240138	0.00630285783223585	0.9999976776816369
SCN10A_mutation_status	0.001156841571849963	0.9728672835413076	0.03968508580710705	0.9999976776816369
SCN11A_mutation_status	3.6995393331203986e-05	0.995146989754268	0.007018457947315185	0.9999976776816369
SCN1A_mutation_status	1.8227793334136526e-05	0.9965935204187781	0.004922900847940963	0.9999976776816369
SCN2A_mutation_status	6.80055979615392e-06	0.9979192883392054	0.0030049597071586443	0.9999976776816369
SCN3A_mutation_status	0.0007612317305215462	0.9779888159179515	0.03211012798384867	0.9999976776816369
SCN4A_mutation_status	7.417031967437154e-07	0.9993128444109698	0.0009916967246217474	0.9999976776816369
SCN5A_mutation_status	9.882547564416914e-05	0.9920682801772748	0.011488675804319065	0.9999976776816369
SCN9A_mutation_status	0.0002221072475746957	0.9881093567273338	0.01725737729040269	0.9999976776816369
SCRIB_mutation_status	9.618789029838784e-06	0.9975254310175136	0.0035744728654932786	0.9999976776816369
SDK1_mutation_status	0.0010814210740157364	0.9737663206733481	0.03835249142326393	0.9999976776816369
SDK2_mutation_status	5.788811257998423e-05	0.9939294146944753	0.008784694494231911	0.9999976776816369
SEC16A_mutation_status	4.376324456110224e-08	0.9998330852122066	0.0002408272359732496	0.9999976776816369
SEMA5A_mutation_status	0.00035232149569074393	0.9850244034758052	0.02176862784382443	0.9999976776816369
SEMA5B_mutation_status	0.00022414976315446157	0.9880548122730186	0.017337017448849953	0.9999976776816369
SEMA6D_mutation_status	0.0013727430277145185	0.9704447027623231	0.04328208630023138	0.9999976776816369
SETBP1_mutation_status	1.2675018535782082e-05	0.9971593780042352	0.0041039829620248824	0.9999976776816369
SETD1A_mutation_status	0.000882918177206673	0.9762951950317146	0.03461066429455213	0.9999976776816369
SETX_mutation_status	0.00010420878140358195	0.991855120240252	0.011798692597485153	0.9999976776816369
SFMBT2_mutation_status	8.298076249736715e-05	0.9927318686757436	0.010523988380090247	0.9999976776816369
SGK223_mutation_status	2.3910015215799645e-05	0.9960985301323055	0.005639639840373577	0.9999976776816369
SHANK1_mutation_status	0.00011959347916482028	0.991274603822106	0.012643325373015508	0.9999976776816369
SHANK2_mutation_status	9.089019569594256e-05	0.9923933750791133	0.011015990624785312	0.9999976776816369
SIGLEC1_mutation_status	5.067131674157888e-06	0.9982039402113553	0.0025934962852212405	0.9999976776816369
SIPA1L1_mutation_status	0.001313955618342078	0.9710841934463563	0.042331711496421585	0.9999976776816369
SIPA1L2_mutation_status	0.00023083235300530895	0.9878780722032978	0.017595105185327038	0.9999976776816369
SIPA1L3_mutation_status	3.870357117805498e-05	0.9950362170879753	0.007179057409658232	0.9999976776816369
SI_mutation_status	0.0014245330922245242	0.9698926014686096	0.04410309182155796	0.9999976776816369
SLC12A5_mutation_status	0.00021329152639339098	0.988347706256359	0.016909415584955092	0.9999976776816369
SLC12A7_mutation_status	7.219154358231357e-05	0.9932208069712559	0.009813610054223447	0.9999976776816369
SLC32A1_mutation_status	0.00093797940329513	0.9755674484637894	0.03568647402606149	0.9999976776816369
SLC45A4_mutation_status	1.159442167684142e-06	0.9991408588453613	0.0012400114319538252	0.9999976776816369
SLC9C2_mutation_status	0.0003912709245946565	0.9842184182483138	0.02294958018025817	0.9999976776816369
SLCO6A1_mutation_status	4.3458659471544596e-05	0.9947401291727664	0.007608416790570146	0.9999976776816369
SLIT2_mutation_status	0.00038961137592701824	0.9842519177023467	0.022900476573942438	0.9999976776816369
SLITRK1_mutation_status	0.0007386577589899134	0.9783175561529809	0.03162526332455746	0.9999976776816369
SLITRK2_mutation_status	0.0009836891462652114	0.9749793951513388	0.036556365078543804	0.9999976776816369
SLITRK5_mutation_status	0.0005759138316298745	0.9808540406909918	0.027889627594883774	0.9999976776816369
SLX4_mutation_status	0.001723151774612606	0.9668886326329204	0.04857836692348569	0.9999976776816369
SMAD4_mutation_status	0.001446477807376627	0.9696616987481755	0.04444659569895335	0.9999976776816369
SMARCA2_mutation_status	0.000668923225754404	0.9793661730904479	0.03007972808047183	0.9999976776816369
SMARCA4_mutation_status	7.572305778457578e-05	0.9930569762320275	0.010051600729611107	0.9999976776816369
SMG1_mutation_status	3.106720681379154e-05	0.9955527768983715	0.006430295816219431	0.9999976776816369
SND1_mutation_status	0.00021512303636304726	0.9882977883093155	0.0169822828490795	0.9999976776816369
SNRPN_mutation_status	4.3371600354735525e-05	0.9947454001895311	0.007600772131049336	0.9999976776816369
SOGA2_mutation_status	4.577911484826184e-05	0.9946015330924898	0.007809439954984868	0.9999976776816369
SOGA3_mutation_status	2.684188173252412e-05	0.9958662462884895	0.005976106383394582	0.9999976776816369
SON_mutation_status	0.0008499612076261027	0.9767416931903492	0.03395101398857437	0.9999976776816369
SORBS2_mutation_status	0.0014325212106734216	0.9698083455270373	0.04422842622358156	0.9999976776816369
SORCS1_mutation_status	2.7073292458160716e-05	0.9958484656157846	0.006001865181261054	0.9999976776816369
SORCS3_mutation_status	0.0009706739108100872	0.97514541678671	0.036310720708355136	0.9999976776816369
SORL1_mutation_status	0.0007858113206595757	0.9776363685718086	0.03263013974069525	0.9999976776816369
SOX7_mutation_status	0.0004899514429250535	0.9823403895517389	0.025705077244578014	0.9999976776816369
SPAG17_mutation_status	0.0006720002479171722	0.9793187807247167	0.030149543015126477	0.9999976776816369
SPATA31A6_mutation_status	0.0005841764791668512	0.9807172126241951	0.02809089601519589	0.9999976776816369
SPATA31D1_mutation_status	0.0005212342170627405	0.9817854354359725	0.026520330078033567	0.9999976776816369
SPECC1_mutation_status	0.00154237619384045	0.9686726550816095	0.04591887886206493	0.9999976776816369
SPEF2_mutation_status	0.0003329792112678147	0.9854412355239288	0.021158252787513473	0.9999976776816369
SPEG_mutation_status	0.0003468905228880668	0.9851402613643065	0.02159894903030762	0.9999976776816369
SPEN_mutation_status	0.00022120867134054647	0.9881334322330857	0.01722222613088838	0.9999976776816369
SPHKAP_mutation_status	0.0014588766806529437	0.9695320126974128	0.04463955983810298	0.9999976776816369
SPTA1_mutation_status	7.461913706627375e-05	0.9931077698453724	0.009977810582804551	0.9999976776816369
SPTAN1_mutation_status	0.0002603814431155178	0.9871256227866614	0.018694399426829395	0.9999976776816369
SPTBN1_mutation_status	0.0010266679205999758	0.9744388287483201	0.03735647300749827	0.9999976776816369
SPTBN2_mutation_status	0.0005451786531189751	0.981371837286572	0.02712822432693587	0.9999976776816369
SPTBN4_mutation_status	5.044260311832992e-06	0.998207998199782	0.002587631323520103	0.9999976776816369
SPTBN5_mutation_status	0.00021367623768002181	0.9883372031893928	0.01692474703465057	0.9999976776816369
SPTB_mutation_status	0.00035081008638712424	0.9850565558288255	0.02172153735240047	0.9999976776816369
SRCAP_mutation_status	0.0009741148644176483	0.9751014163812336	0.036375819305834216	0.9999976776816369
SRRM2_mutation_status	5.548524101941596e-05	0.9940567392607889	0.00859989389057614	0.9999976776816369
SSPO_mutation_status	0.002861527435453308	0.9573389113523377	0.06289834554670526	0.9999976776816369
ST6GAL2_mutation_status	4.614563801080598e-05	0.9945799655264821	0.007840724602007932	0.9999976776816369
STAB1_mutation_status	0.00046199298049341404	0.9828515721387638	0.02495453417876131	0.9999976776816369
STAB2_mutation_status	0.0004223696085129965	0.9836033237840142	0.023851484802276914	0.9999976776816369
SULF1_mutation_status	2.0289318915005747e-05	0.9964060475471477	0.005194317046265822	0.9999976776816369
SUPT6H_mutation_status	0.0004389737529097543	0.9832841846425427	0.02431965642757051	0.9999976776816369
SVEP1_mutation_status	0.0002928142073543899	0.9863474134081507	0.019832209621094565	0.9999976776816369
SVIL_mutation_status	0.0009226326611034465	0.9757680873125097	0.03538979447734057	0.9999976776816369
SYNE1_mutation_status	5.9793090674237475e-05	0.9938303399525693	0.008928509297413517	0.9999976776816369
SYNE2_mutation_status	0.001628216840920486	0.9678131599949082	0.047199538261708175	0.9999976776816369
SYNJ2_mutation_status	1.7772082229058352e-05	0.9966363722086646	0.004860868801361026	0.9999976776816369
SYT10_mutation_status	0.00026228437137074747	0.9870786680507162	0.018763025926145132	0.9999976776816369
SYTL2_mutation_status	3.79137648550614e-07	0.999508709359938	0.0007089567362203924	0.9999976776816369
SZT2_mutation_status	8.639274228464072e-05	0.9925839536064155	0.010738963080832761	0.9999976776816369
TACC2_mutation_status	0.0008675904359147572	0.976501797356899	0.034305395336996815	0.9999976776816369
TAF1L_mutation_status	6.394646490444509e-05	0.9936196617488203	0.009234372992752087	0.9999976776816369
TAOK2_mutation_status	1.8764703960092352e-05	0.996543714878224	0.00499500246252995	0.9999976776816369
TCEB3B_mutation_status	0.0008394250033801773	0.9768862582907006	0.03373750009655087	0.9999976776816369
TCHH_mutation_status	4.387135679225016e-07	0.9994715175585679	0.0007626405362720184	0.9999976776816369
TDRD6_mutation_status	1.1924079578028176e-05	0.9972448095066895	0.003980385543032542	0.9999976776816369
TECTA_mutation_status	0.0013270945495893506	0.9709400445324019	0.042545882792151594	0.9999976776816369
TENM1_mutation_status	0.00033184367647368665	0.985466078321735	0.021121883161253546	0.9999976776816369
TENM2_mutation_status	4.421447384819386e-05	0.9946945882879813	0.007674467320473996	0.9999976776816369
TENM3_mutation_status	1.110974333750101e-05	0.9973405534254746	0.003841881290971301	0.9999976776816369
TENM4_mutation_status	0.0005774972445302694	0.9808277439422948	0.027928306843716246	0.9999976776816369
TEP1_mutation_status	0.00032940753018431375	0.9855195192670001	0.02104364921897866	0.9999976776816369
TET1_mutation_status	1.6169941283577684e-05	0.9967915659809906	0.004636233356181879	0.9999976776816369
TEX15_mutation_status	0.0012892193574761336	0.9713575501354604	0.04192565520807128	0.9999976776816369
TG_mutation_status	0.0020934919331292443	0.9635057706968503	0.05363478764939979	0.9999976776816369
THBS2_mutation_status	3.940991824807549e-05	0.9949911275120792	0.007244433905844323	0.9999976776816369
THSD1_mutation_status	0.0011333838887198234	0.973143677217066	0.03927527127258295	0.9999976776816369
THSD7A_mutation_status	6.136359713820407e-05	0.9937498415867114	0.00904536958246264	0.9999976776816369
THSD7B_mutation_status	4.054300545541892e-05	0.9949196328778361	0.007348101825401473	0.9999976776816369
TIAM1_mutation_status	0.0007200604245182305	0.9785921814359935	0.031220338632431302	0.9999976776816369
TIAM2_mutation_status	0.0002162449884794604	0.9882673143458212	0.017026768746309907	0.9999976776816369
TIE1_mutation_status	0.0024524501826361446	0.9605031306559958	0.05813777868055867	0.9999976776816369
TJP1_mutation_status	1.3678583778517678e-06	0.9990668305126651	0.0013469075359812007	0.9999976776816369
TLL1_mutation_status	0.001405868418990571	0.9700903970051178	0.04380890507781464	0.9999976776816369
TLN2_mutation_status	7.215387483436052e-05	0.993222575813406	0.00981104073881264	0.9999976776816369
TLR4_mutation_status	8.64687871246559e-05	0.9925806905327302	0.010743705881625307	0.9999976776816369
TLR9_mutation_status	0.0011564493106960962	0.9728718822307435	0.039678266284161205	0.9999976776816369
TMEM132D_mutation_status	0.00021737999381081185	0.9882365661874447	0.01707165630362427	0.9999976776816369
TMPRSS15_mutation_status	0.0013330116370995249	0.9708753608075904	0.042641997890208456	0.9999976776816369
TNC_mutation_status	2.8640125833954984e-05	0.9957300238494514	0.006173463087171632	0.9999976776816369
TNKS_mutation_status	3.307117836957789e-05	0.9954115869893384	0.006634914226896903	0.9999976776816369
TNN_mutation_status	0.0001258177559783363	0.9910504350934722	0.012969616075248437	0.9999976776816369
TNRC18_mutation_status	0.00016968809404870687	0.9896066999580657	0.015072827027046393	0.9999976776816369
TNRC6A_mutation_status	0.00011173926914530927	0.9915659749456954	0.01221932791947578	0.9999976776816369
TNR_mutation_status	0.00012008327218345702	0.9912567554380008	0.012669302036755797	0.9999976776816369
TNS1_mutation_status	0.00041106209073302907	0.9838242650525769	0.023527456740830812	0.9999976776816369
TNS3_mutation_status	0.0001842581729857406	0.9891697095232372	0.01571003286846541	0.9999976776816369
TNXB_mutation_status	0.00048323951328736536	0.9824617480927728	0.0255268574002616	0.9999976776816369
TONSL_mutation_status	0.00020477198483515654	0.9885827763163046	0.016566323691403036	0.9999976776816369
TP53_mutation_status	0.0002690784586479442	0.986912398859292	0.019006062222011465	0.9999976776816369
TPO_mutation_status	0.0005063554636996696	0.9820472426191701	0.02613566601644973	0.9999976776816369
TPR_mutation_status	0.0002486011315873493	0.9874202034333002	0.018263930773676593	0.9999976776816369
TPTE_mutation_status	0.00012521079136904552	0.9910720473412835	0.012938154969270034	0.9999976776816369
TRANK1_mutation_status	0.0001830329230599889	0.9892057761291502	0.015657431010147407	0.9999976776816369
TRHDE_mutation_status	0.0006350088928716446	0.9798959292652127	0.02929956025716775	0.9999976776816369
TRIOBP_mutation_status	3.198476908941124e-05	0.995487581654389	0.006524775925387192	0.9999976776816369
TRIO_mutation_status	1.3576561431629277e-07	0.999706008383504	0.0004242026062425017	0.9999976776816369
TRIP12_mutation_status	0.00011064566877891697	0.9916073471055327	0.012159134078450354	0.9999976776816369
TRPA1_mutation_status	0.0005689522673546881	0.9809700872477505	0.02771894991816547	0.9999976776816369
TRPC4_mutation_status	0.000855361145905927	0.9766679493061525	0.034059941408366365	0.9999976776816369
TRPM1_mutation_status	2.8055497303522056e-08	0.9998663561294335	0.00019282023421967443	0.9999976776816369
TRPM2_mutation_status	9.052016475471094e-05	0.9924088743971718	0.010993458617572411	0.9999976776816369
TRPM3_mutation_status	0.0010620548714598817	0.974002195685926	0.03800307031934817	0.9999976776816369
TRPS1_mutation_status	0.00025105971402501434	0.987358156653897	0.018354588624488303	0.9999976776816369
TRRAP_mutation_status	5.524299711470784e-06	0.9981246675098217	0.0027080729465967426	0.9999976776816369
TSHZ2_mutation_status	8.247857520528597e-06	0.9977085518244009	0.0033096543199055512	0.9999976776816369
TSHZ3_mutation_status	0.00037004561887887995	0.9846523844875257	0.02231360045980821	0.9999976776816369
TTC3_mutation_status	0.00030878939218345695	0.985979971471779	0.020369753914820665	0.9999976776816369
TTN_mutation_status	3.675147636387853e-05	0.9951630143789637	0.006995226745609778	0.9999976776816369
TUBGCP6_mutation_status	0.0004664234231655229	0.9827695556415169	0.025074928482877804	0.9999976776816369
TULP4_mutation_status	2.1360470697600124e-05	0.9963123989952526	0.005329917037061676	0.9999976776816369
TUSC3_mutation_status	3.197283646353338e-05	0.9954884234526956	0.006523555962676171	0.9999976776816369
UBE4B_mutation_status	6.676483735997224e-05	0.993480577505876	0.009436331750468766	0.9999976776816369
UBR4_mutation_status	0.0011865966610063539	0.9725206952493064	0.040199143898184034	0.9999976776816369
UBR5_mutation_status	7.696486463896412e-05	0.993000278748092	0.010133972150396338	0.9999976776816369
ULK1_mutation_status	0.0003737545540482433	0.9845756718771138	0.02242600278143178	0.9999976776816369
UMODL1_mutation_status	0.00039898270156795947	0.9840636735969921	0.02317642707629082	0.9999976776816369
UNC13C_mutation_status	0.00018687767910341286	0.98909300156289	0.0158219150703842	0.9999976776816369
UNC5D_mutation_status	0.0005945408247495159	0.9805469425438922	0.0283413954702893	0.9999976776816369
UNC79_mutation_status	7.109232127883321e-05	0.99327261530086	0.009738358236749052	0.9999976776816369
USH2A_mutation_status	4.176913354973657e-05	0.9948433842427836	0.0074586713020397925	0.9999976776816369
USP34_mutation_status	0.0004052053594503797	0.9839398971206355	0.023357902060900507	0.9999976776816369
UTP20_mutation_status	1.1709854880533461e-05	0.9972696710728073	0.003944419237951289	0.9999976776816369
UTRN_mutation_status	0.004292547768986699	0.94776194313215	0.07740336339230065	0.9999976776816369
VCAN_mutation_status	0.0003286932939487801	0.9855352246791358	0.02102065836063406	0.9999976776816369
VPS13A_mutation_status	4.996221647093659e-05	0.9943602832369086	0.008159421507281647	0.9999976776816369
VPS13B_mutation_status	0.0005385269211032656	0.9814858067590984	0.026960689820793644	0.9999976776816369
VPS13C_mutation_status	5.326968089727718e-08	0.9998158464457993	0.0002657018851315616	0.9999976776816369
VPS13D_mutation_status	8.545624011668481e-05	0.9926242571583829	0.010680384102319331	0.9999976776816369
VWA8_mutation_status	9.480425764896337e-05	0.9922313220117112	0.011251595026528585	0.9999976776816369
VWF_mutation_status	9.667016748478995e-05	0.9921552465324074	0.011362212300922953	0.9999976776816369
WBSCR17_mutation_status	8.115776629010228e-06	0.9977269734068845	0.003283016801068973	0.9999976776816369
WDFY3_mutation_status	0.0031578510078194197	0.9551866557921116	0.06614541297164152	0.9999976776816369
WDR49_mutation_status	4.2513801697056354e-05	0.9947976213886799	0.007525036885074281	0.9999976776816369
WDR7_mutation_status	4.0723094466291997e-07	0.999490832801429	0.0007347600661019012	0.9999976776816369
WDR90_mutation_status	5.645471829172634e-05	0.9940050426535492	0.008674924193548398	0.9999976776816369
WHSC1_mutation_status	3.0831563838946665e-08	0.999859900096534	0.0002021355958787664	0.9999976776816369
WISP1_mutation_status	2.8158475470920826e-06	0.9986611114527836	0.0019329021265726968	0.9999976776816369
WNK1_mutation_status	0.0016685428390126283	0.9674172315221953	0.04778985975996822	0.9999976776816369
WNK2_mutation_status	0.00011897264100158876	0.991297280192959	0.012610322698015139	0.9999976776816369
WNK4_mutation_status	1.7465510097196727e-05	0.9966655098845149	0.0048186907641728045	0.9999976776816369
WWC3_mutation_status	0.0001554495359476648	0.9900522806384016	0.014423384820087787	0.9999976776816369
XDH_mutation_status	2.4647959597796257e-05	0.9960387818150143	0.0057261786553101535	0.9999976776816369
XIRP1_mutation_status	9.631024698022249e-05	0.9921698633986065	0.011340958041453481	0.9999976776816369
XIRP2_mutation_status	0.00044540355790292793	0.9831622264667654	0.02449860710186438	0.9999976776816369
XIST_mutation_status	0.0026329327392538363	0.9590768176052529	0.060281721833973505	0.9999976776816369
XRN1_mutation_status	2.6465914490025043e-06	0.9987019742069492	0.0018738718048217373	0.9999976776816369
ZAN_mutation_status	1.2666250340182276e-05	0.997160360698383	0.0041025611960499725	0.9999976776816369
ZBBX_mutation_status	2.4746528428523795e-05	0.996030869195596	0.005737639596737981	0.9999976776816369
ZBTB20_mutation_status	0.00021517797669452223	0.9882962941963437	0.01698446392347814	0.9999976776816369
ZC3H13_mutation_status	0.0009055437055450774	0.9759934789472814	0.03505658636338891	0.9999976776816369
ZC3H18_mutation_status	0.00026486826491715047	0.987015182402373	0.01885581830280237	0.9999976776816369
ZDBF2_mutation_status	0.00018265319666884472	0.9892169782940683	0.015641093442518208	0.9999976776816369
ZEB2_mutation_status	3.893395775041877e-05	0.9950214655118849	0.0072004457602145334	0.9999976776816369
ZFAT_mutation_status	0.000292449732438127	0.986355912123864	0.01981977890750994	0.9999976776816369
ZFHX3_mutation_status	0.0001086461164337715	0.991683524719322	0.012048307101675624	0.9999976776816369
ZFHX4_mutation_status	2.0559083808016415e-05	0.9963822341756606	0.005228796808383997	0.9999976776816369
ZFP64_mutation_status	0.0027268731881624464	0.9583538182048806	0.061369706639719815	0.9999976776816369
ZFPM2_mutation_status	0.0002768462944259439	0.9867248517275956	0.019280249707645282	0.9999976776816369
ZIC1_mutation_status	0.00016947746919478807	0.9896131519230542	0.01506342108067406	0.9999976776816369
ZNF106_mutation_status	2.9842594163576944e-05	0.9956413079349931	0.00630200768142065	0.9999976776816369
ZNF208_mutation_status	2.5465127022304443e-05	0.9959736535470866	0.0058205156459097	0.9999976776816369
ZNF236_mutation_status	8.252904001383294e-05	0.9927516778943637	0.01049520077163343	0.9999976776816369
ZNF292_mutation_status	1.3772975445226853e-05	0.9970389008394861	0.004278300441063191	0.9999976776816369
ZNF407_mutation_status	0.0014257000064213602	0.969880278528248	0.04412142205509446	0.9999976776816369
ZNF423_mutation_status	2.2787541462098156e-06	0.9987955503979357	0.0017387007669432812	0.9999976776816369
ZNF43_mutation_status	0.0006123617694749403	0.9802576078714098	0.02876716121026451	0.9999976776816369
ZNF462_mutation_status	7.25114768672911e-06	0.9978514626295762	0.0031030188804549047	0.9999976776816369
ZNF516_mutation_status	0.0003212902290367872	0.9856990277051378	0.02078089201774116	0.9999976776816369
ZNF521_mutation_status	0.00022657991085689856	0.9879902390744025	0.01743130622368066	0.9999976776816369
ZNF536_mutation_status	9.652769629779879e-05	0.9921610292235848	0.011353803701964548	0.9999976776816369
ZNF646_mutation_status	0.0009060993968059715	0.9759861164420464	0.03506746951997132	0.9999976776816369
ZNF71_mutation_status	0.0002819318193211713	0.9866034890963644	0.019457705494221704	0.9999976776816369
ZNF804A_mutation_status	8.313894454910003e-05	0.992724944729256	0.01053405069239404	0.9999976776816369
ZNF804B_mutation_status	2.9671590946712887e-05	0.9956538137812343	0.006283886688547385	0.9999976776816369
ZNF831_mutation_status	9.582463492719117e-05	0.9921896281291688	0.011312218814625442	0.9999976776816369
ZNF835_mutation_status	0.0006598283776793163	0.9795068934346505	0.029872449164291152	0.9999976776816369
ZNF99_mutation_status	0.0023790780322419177	0.9610979731906318	0.05724458976583245	0.9999976776816369
ZNFX1_mutation_status	0.0002327423517685606	0.9878280285652603	0.01766819065933769	0.9999976776816369
ZZEF1_mutation_status	5.782166652933757e-08	0.9998081395937815	0.0002768226130931834	0.9999976776816369
